Workbook
Name AJEST: REGV!$C$6
Name DERx2: #REF!
Name DERx2: T_Trim!$F$3
Name FIEL: #REF!
Name INDEC: #REF!
Name REGVN: VARS!$B$6
Name REGVU: VARS!$B$7
Name VASMAY: #REF!
Name VELEC: #REF!

Sheet REGV
A1: =NA() -> #N/A | CE1: =[3]OUTM!M1 -> 0
A2: =NA() -> #N/A | B2: =[2]Pat!$B$5 -> Patentamientos Vehículos Nuevos | AC2: =[2]Pat!$D$5 -> Transferencias Vehículos Usados | BD2: Patentamientos de maquinaria en Argentina (incluye: maquinaria agrícola y vial) | CE2: =[3]OUTM!M2 -> Maq. y eqs. agrop., esp. y domest. | CF2: =[1]OUTM!$T4 -> Ciclo Clásico Mensual | CG2: Ciclo de Crecim. Mensual
A3: =NA() -> #N/A | B3: =[2]Pat!$B$3 -> Dirección Nacional de Registro de la Propiedad Automotor de Argentina (DNRPA). | AC3: =[2]Pat!$B$3 -> Dirección Nacional de Registro de la Propiedad Automotor de Argentina (DNRPA). | BD3: =[2]Pat!$B$3 -> Dirección Nacional de Registro de la Propiedad Automotor de Argentina (DNRPA).
A4: =NA() -> #N/A | B4: 1 / 3 | AC4: 2 / 3 | BD4: 3 / 3
A5: =NA() -> #N/A | B5: Pat. Vehíc. Nuevos | H5: =G10 -> REGVN-F | J5: ="Ciclo Específico: "&H10 -> Ciclo Específico: REGVN | V5: =B5 -> Pat. Vehíc. Nuevos | AC5: Transf. Vehíc. Usadados | AI5: =AH10 -> REGVU-F | AK5: ="Ciclo Específico: "&AI10 -> Ciclo Específico: REGVU | AW5: =AC5 -> Transf. Vehíc. Usadados | BD5: =BD2 -> Patentamientos de maquinaria en Argentina (incluye: maquinaria agrícola y vial) | BJ5: =BJ10 -> REMAQN | BL5: ="Ciclo Específico: "&BJ10 -> Ciclo Específico: REMAQN | BX5: =BD5 -> Patentamientos de maquinaria en Argentina (incluye: maquinaria agrícola y vial) | CE5: =[3]OUTM!$B$7 -> Índ. Base 2004=100
C6: Ajuste Estacional | J6: ="Ciclo Específico: "&H10 -> Ciclo Específico: REGVN | O6: ="Ciclo de Crecimiento: "&H10 -> Ciclo de Crecimiento: REGVN | V6: Variaciones Anuales | Y6: Prom. Anual | Z6: Bandas Críticas TCIA | AD6: =AJEST -> Ajuste Estacional | AK6: ="Ciclo Específico: "&AI10 -> Ciclo Específico: REGVU | AP6: ="Ciclo de Crecimiento: "&AI10 -> Ciclo de Crecimiento: REGVU | AW6: Variaciones Anuales | AZ6: Prom. Anual | BA6: Bandas Críticas TCIA | BE6: Ajuste Estacional | BL6: ="Ciclo Específico: "&BJ10 -> Ciclo Específico: REMAQN | BQ6: ="Ciclo de Crecimiento: "&BJ10 -> Ciclo de Crecimiento: REMAQN | BX6: Variaciones Anuales | CA6: Prom. Anual | CB6: Bandas Críticas TCIA
B7: Miles de vehículos | H7: =$B7 -> Miles de vehículos | J7: Colocar 1, -1 o No | V7: Var. Anual | W7: Var. Anuales Suavizadas | Z7: Media TCA | AA7: =+_xlfn.AGGREGATE(1,6,V11:V394) -> 0.068043152 | AC7: =$B$7 -> Miles de vehículos | AI7: =$B$7 -> Miles de vehículos | AW7: Var. Anual | AX7: Var. Anuales Suavizadas | BA7: Media TCA | BB7: =+_xlfn.AGGREGATE(1,6,AW11:AW394) -> 0.047029155 | BD7: Número de Maquinarias | BJ7: =BD7 -> Número de Maquinarias | BL7: Colocar 1, -1 o No | BX7: Var. Anual | BY7: Var. Anuales Suavizadas | CB7: Media TCA | CC7: =+_xlfn.AGGREGATE(1,6,BX11:BX394) -> 0.094779207
C8: =IF(MIN(C299:C310)<0,"NIV","LOG") -> LOG | J8: 3 | O8: λ = | Q8: =J8 -> 3 | Z8: SE TCA | AA8: =_xlfn.AGGREGATE(7,7,V23:V394) -> 0.38600963 | AD8: =IF(MIN(AD299:AD310)<0,"NIV","LOG") -> LOG | AK8: 5 | AP8: λ = | AR8: =AK8 -> 5 | BA8: SE TCA | BB8: =_xlfn.AGGREGATE(7,7,AW23:AW394) -> 0.16308872 | BE8: =IF(MIN(BE299:BE310)<0,"NIV","LOG") -> LOG | BL8: 100 | BQ8: λ = | BS8: =BL8 -> 100 | CB8: SE TCA | CC8: =_xlfn.AGGREGATE(7,7,BX23:BX394) -> 0.40715147
C9: (D16) | D9: (C17) | E9: (D12) | H9: PM 2x2 | I9: Var. Mensual | O9: 192600 | W9: =12/6.5 -> 1.8461538 | X9: =12/12.5 -> 0.96 | AA9: 0.5 | AD9: (D16) | AE9: (C17) | AF9: (D12) | AI9: PM 2x2 | AJ9: Var. Mensual | AP9: 192600 | AX9: =12/6.5 -> 1.8461538 | AY9: =12/12.5 -> 0.96 | BB9: 0.5 | BE9: (D16) | BF9: (C17) | BG9: (D12) | BJ9: PM 2x2 | BK9: Var. Mensual | BQ9: 192600 | BY9: =12/6.5 -> 1.8461538 | BZ9: =12/12.5 -> 0.96 | CC9: 0.5
A10: Meses | B10: =[2]Pat!$B10 -> REGVN | C10: =B10&"- S" -> REGVN- S | D10: =B10&"- W" -> REGVN- W | E10: =B10&"-TC" -> REGVN-TC | F10: =B10&"-A" -> REGVN-A | G10: =B10&"-F" -> REGVN-F | H10: =B10 -> REGVN | I10: ="TCM- "&H10 -> TCM- REGVN | J10: P.G. Clás. | K10: Giros ciclo clásico | L10: P.G. Cand. | M10: Máx. 19 Meses | N10: Mín. 19 Meses | O10: =H10&"-THP" -> REGVN-THP | P10: =H10&"-DTHP" -> REGVN-DTHP | Q10: P.G. Crec. | R10: Giros ciclo crecim. | S10: P.G. Cand. | T10: Máx. 19 Meses | U10: Mín. 19 Meses | V10: ="TCA-"&H10 -> TCA-REGVN | W10: ="VAS6-"&H10 -> VAS6-REGVN | X10: ="VAS12-"&H10 -> VAS12-REGVN | Y10: Prom. Anual | Z10: ="Prom. "&V10 -> Prom. TCA-REGVN | AA10: ="Banda 80% "&V10 -> Banda 80% TCA-REGVN | AC10: =[2]Pat!$D10 -> REGVU | AD10: =AC10&"- S" -> REGVU- S | AE10: =AC10&"- W" -> REGVU- W | AF10: =AC10&"-TC" -> REGVU-TC | AG10: =AC10&"-A" -> REGVU-A | AH10: =AC10&"-F" -> REGVU-F | AI10: =AC10 -> REGVU | AJ10: ="TCM- "&AI10 -> TCM- REGVU | AK10: P.G. Clás. | AL10: Giros ciclo clásico | AM10: P.G. Cand. | AN10: Máx. 19 Meses | AO10: Mín. 19 Meses | AP10: =AI10&"-THP" -> REGVU-THP | AQ10: =AI10&"-DTHP" -> REGVU-DTHP | AR10: P.G. Crec. | AS10: Giros ciclo crecim. | AT10: P.G. Cand. | AU10: Máx. 19 Meses | AV10: Mín. 19 Meses | AW10: ="TCA-"&AI10 -> TCA-REGVU | AX10: ="VAS6-"&AI10 -> VAS6-REGVU | AY10: ="VAS12-"&AI10 -> VAS12-REGVU | AZ10: Prom. Anual | BA10: ="Prom. "&AW10 -> Prom. TCA-REGVU | BB10: ="Banda 80% "&AW10 -> Banda 80% TCA-REGVU | BD10: REMAQN | BE10: =BD10&"-S" -> REMAQN-S | BF10: =BD10&"-W" -> REMAQN-W | BG10: =BD10&"-TC" -> REMAQN-TC | BH10: =BD10&"-A" -> REMAQN-A | BI10: =BD10&"-F" -> REMAQN-F | BJ10: =BD10 -> REMAQN | BK10: ="TCM-"&BJ10 -> TCM-REMAQN | BL10: P.G. Clás. | BM10: Giros ciclo clásico | BN10: P.G. Cand. | BO10: Máx. 19 Meses | BP10: Mín. 19 Meses | BQ10: =BJ10&"-THP" -> REMAQN-THP | BR10: =BJ10&"-DTHP" -> REMAQN-DTHP | BS10: P.G. Crec. | BT10: Giros ciclo crecim. | BU10: P.G. Cand. | BV10: Máx. 19 Meses | BW10: Mín. 19 Meses | BX10: ="TCA-"&BJ10 -> TCA-REMAQN | BY10: ="VAS6-"&BJ10 -> VAS6-REMAQN | BZ10: ="VAS12-"&BJ10 -> VAS12-REMAQN | CA10: Prom. Anual | CB10: ="Prom. "&BX10 -> Prom. TCA-REMAQN | CC10: ="Banda 80% "&BX10 -> Banda 80% TCA-REMAQN | CE10: =[3]OUTM!M10 -> IPIM-MEAPED | CF10: =[1]OUTM!$T10 -> Reces. Argentina | CG10: =[1]OUTM!$U10 -> Desac. Argentina
A11: 1994.01 | B11: =[2]Pat!$B11/1000 -> 64.045023 | C11: 1.69086 | D11: 1 | E11: 36.536472 | F11: =IF(C$8="NIV",B11-C11,B11/C11) -> 37.877189 | G11: =D11*F11+(1-D11)*E11 -> 37.877189 | H11: =IF(H$9="",G11,(G11^2/G12+2*G11+G12)/4) -> 37.885132 | O11: {=[4]!HP(H11:H395,$O$9)} -> 38.950395 | P11: =H11/O11-1 -> -0.027349219 | Z11: =AA$7 -> 0.068043152 | AA11: =AA$7+AA$8*AA$9 -> 0.26104797 | AB11: =AA$7-AA$8*AA$9 -> -0.12496166 | AC11: =[2]Pat!$D11/1000 -> 65.94647 | AD11: 1.0196542 | AE11: 0.41168025 | AF11: 58.943971 | AG11: =IF(AD$8="NIV",AC11-AD11,AC11/AD11) -> 64.675329 | AH11: =AG11*AE11+(1-AE11)*AF11 -> 61.303458 | AI11: =IF(AI$9="",AH11,(AH11^2/AH12+2*AH11+AH12)/4) -> 61.408933 | AP11: {=[4]!HP(AI11:AI395,$AP$9)} -> 52.880484 | AQ11: =AI11/AP11-1 -> 0.16127781 | BA11: =BB$7 -> 0.047029155 | BB11: =BB$7+BB$8*BB$9 -> 0.12857351 | BC11: =BB$7-BB$8*BB$9 -> -0.034515204 | CB11: =CC7 -> 0.094779207 | CC11: =CC7+CC9*CC8 -> 0.29835494 | CD11: =CC7-CC9*CC8 -> -0.10879653 | CE11: =[3]OUTM!M11 -> 151.64892 | CF11: =[1]OUTM!$T299 -> 0 | CG11: =[1]OUTM!$U299 -> 0
A12: 1994.02 | B12: =[2]Pat!$B12/1000 -> 34.202994 | C12: 0.92953128 | D12: 1 | E12: 37.367866 | F12: =IF(C$8="NIV",B12-C12,B12/C12) -> 36.795958 | G12: =D12*F12+(1-D12)*E12 -> 36.795958 | H12: =IF(H$9="",G12,(G11+2*G12+G13)/4) -> 37.169756 | I12: =LN(H12/H11) -> -0.019063329 | O12: 38.808112 | P12: =H12/O12-1 -> -0.042216848 | AC12: =[2]Pat!$D12/1000 -> 53.811395 | AD12: 0.95369055 | AE12: 1 | AF12: 57.898798 | AG12: =IF(AD$8="NIV",AC12-AD12,AC12/AD12) -> 56.424376 | AH12: =AG12*AE12+(1-AE12)*AF12 -> 56.424376 | AI12: =IF(AI$9="",AH12,(AH11+2*AH12+AH13)/4) -> 58.049612 | AJ12: =LN(AI12/AI11) -> -0.056257283 | AP12: 53.068541 | AQ12: =AI12/AP12-1 -> 0.0938611 | CE12: =[3]OUTM!M12 -> 148.14755 | CF12: =[1]OUTM!$T300 -> 0 | CG12: =[1]OUTM!$U300 -> 0
A13: 1994.03 | B13: =[2]Pat!$B13/1000 -> 33.899656 | C13: 1.0083423 | D13: 0.22943407 | E13: 38.279045 | F13: =IF(C$8="NIV",B13-C13,B13/C13) -> 33.619195 | G13: =D13*F13+(1-D13)*E13 -> 37.209917 | H13: =IF(H$9="",G13,(G12+2*G13+G14)/4) -> 37.787268 | I13: =LN(H13/H12) -> 0.01647681 | O13: 38.665823 | P13: =H13/O13-1 -> -0.022721751 | AC13: =[2]Pat!$D13/1000 -> 57.710664 | AD13: 0.99421884 | AE13: 1 | AF13: 56.897049 | AG13: =IF(AD$8="NIV",AC13-AD13,AC13/AD13) -> 58.046238 | AH13: =AG13*AE13+(1-AE13)*AF13 -> 58.046238 | AI13: =IF(AI$9="",AH13,(AH12+2*AH13+AH14)/4) -> 57.105521 | AJ13: =LN(AI13/AI12) -> -0.016397227 | AP13: 53.256641 | AQ13: =AI13/AP13-1 -> 0.072270417 | CE13: =[3]OUTM!M13 -> 147.71216 | CF13: =[1]OUTM!$T301 -> 0 | CG13: =[1]OUTM!$U301 -> 0
A14: 1994.04 | B14: =[2]Pat!$B14/1000 -> 40.10655 | C14: 1.004339 | D14: 1 | E14: 39.429772 | F14: =IF(C$8="NIV",B14-C14,B14/C14) -> 39.93328 | G14: =D14*F14+(1-D14)*E14 -> 39.93328 | H14: =IF(H$9="",G14,(G13+2*G14+G15)/4) -> 39.536227 | I14: =LN(H14/H13) -> 0.045245172 | O14: 38.523515 | P14: =H14/O14-1 -> 0.026288152 | AC14: =[2]Pat!$D14/1000 -> 45.845193 | AD14: 0.98078627 | AE14: 0 | AF14: 55.905231 | AG14: =IF(AD$8="NIV",AC14-AD14,AC14/AD14) -> 46.743306 | AH14: =AG14*AE14+(1-AE14)*AF14 -> 55.905231 | AI14: =IF(AI$9="",AH14,(AH13+2*AH14+AH15)/4) -> 55.891712 | AJ14: =LN(AI14/AI13) -> -0.021484704 | AP14: 53.444856 | AQ14: =AI14/AP14-1 -> 0.045782801 | CE14: =[3]OUTM!M14 -> 147.77719 | CF14: =[1]OUTM!$T302 -> 0 | CG14: =[1]OUTM!$U302 -> 0
A15: 1994.05 | B15: =[2]Pat!$B15/1000 -> 41.118574 | C15: 1.0012209 | D15: 1 | E15: 40.769852 | F15: =IF(C$8="NIV",B15-C15,B15/C15) -> 41.068432 | G15: =D15*F15+(1-D15)*E15 -> 41.068432 | H15: =IF(H$9="",G15,(G14+2*G15+G16)/4) -> 40.66908 | I15: =LN(H15/H14) -> 0.028250707 | O15: 38.381169 | P15: =H15/O15-1 -> 0.059610257 | AC15: =[2]Pat!$D15/1000 -> 52.533724 | AD15: 0.97809682 | AE15: 1 | AF15: 55.026979 | AG15: =IF(AD$8="NIV",AC15-AD15,AC15/AD15) -> 53.710147 | AH15: =AG15*AE15+(1-AE15)*AF15 -> 53.710147 | AI15: =IF(AI$9="",AH15,(AH14+2*AH15+AH16)/4) -> 55.071855 | AJ15: =LN(AI15/AI14) -> -0.014777309 | AP15: 53.633276 | AQ15: =AI15/AP15-1 -> 0.026822509 | CE15: =[3]OUTM!M15 -> 145.55216 | CF15: =[1]OUTM!$T303 -> 0 | CG15: =[1]OUTM!$U303 -> 0
A16: 1994.06 | B16: =[2]Pat!$B16/1000 -> 37.089629 | C16: 0.91339868 | D16: 1 | E16: 42.168149 | F16: =IF(C$8="NIV",B16-C16,B16/C16) -> 40.606177 | G16: =D16*F16+(1-D16)*E16 -> 40.606177 | H16: =IF(H$9="",G16,(G15+2*G16+G17)/4) -> 42.175408 | I16: =LN(H16/H15) -> 0.036369199 | O16: 38.238771 | P16: =H16/O16-1 -> 0.10294884 | AC16: =[2]Pat!$D16/1000 -> 48.030099 | AD16: 0.84319698 | AE16: 1 | AF16: 54.396275 | AG16: =IF(AD$8="NIV",AC16-AD16,AC16/AD16) -> 56.961896 | AH16: =AG16*AE16+(1-AE16)*AF16 -> 56.961896 | AI16: =IF(AI$9="",AH16,(AH15+2*AH16+AH17)/4) -> 54.920943 | AJ16: =LN(AI16/AI15) -> -0.0027440427 | AP16: 53.822003 | AQ16: =AI16/AP16-1 -> 0.020418036 | CE16: =[3]OUTM!M16 -> 142.59312 | CF16: =[1]OUTM!$T304 -> 0 | CG16: =[1]OUTM!$U304 -> 1
A17: 1994.07 | B17: =[2]Pat!$B17/1000 -> 46.790141 | C17: 1.0014363 | D17: 0.91438776 | E17: 43.193328 | F17: =IF(C$8="NIV",B17-C17,B17/C17) -> 46.723031 | G17: =D17*F17+(1-D17)*E17 -> 46.420845 | H17: =IF(H$9="",G17,(G16+2*G17+G18)/4) -> 43.832058 | I17: =LN(H17/H16) -> 0.038528177 | J17: =IF(K17="",NA(),IFERROR((H17+K17*J$8),NA())) -> 46.832058 | K17: 1 | L17: =IF(H17=M17,1,IF(H17=N17,-1,"")) -> 1 | M17: =MAX(H8:H26) -> 43.832058 | N17: =MIN(H8:H26) -> 34.524274 | O17: 38.09632 | P17: =H17/O17-1 -> 0.15055885 | Q17: =IF(R17="",NA(),IFERROR((H17+R17*Q$8),NA())) -> 46.832058 | R17: 1 | S17: =IF(P17=T17,1,IF(P17=U17,-1,"")) -> 1 | T17: =MAX(P8:P26) -> 0.15055885 | U17: =MIN(P8:P26) -> -0.062454581 | AC17: =[2]Pat!$D17/1000 -> 51.053269 | AD17: 0.98085369 | AE17: 1 | AF17: 54.209845 | AG17: =IF(AD$8="NIV",AC17-AD17,AC17/AD17) -> 52.049831 | AH17: =AG17*AE17+(1-AE17)*AF17 -> 52.049831 | AI17: =IF(AI$9="",AH17,(AH16+2*AH17+AH18)/4) -> 54.001848 | AJ17: =LN(AI17/AI16) -> -0.01687647 | AK17: =IF(AL17="",NA(),IFERROR((AI17+AL17*AK$8),NA())) -> #N/A | AM17: =IF(AI17=AN17,1,IF(AI17=AO17,-1,"")) | AN17: =MAX(AI8:AI26) -> 61.408933 | AO17: =MIN(AI8:AI26) -> 48.912898 | AP17: 54.011148 | AQ17: =AI17/AP17-1 -> -0.0001721755 | AR17: =IF(AS17="",NA(),IFERROR((AI17+AS17*AR$8),NA())) -> #N/A | AT17: =IF(AQ17=AU17,1,IF(AQ17=AV17,-1,"")) | AU17: =MAX(AQ8:AQ26) -> 0.16127781 | AV17: =MIN(AQ8:AQ26) -> -0.12266056 | CE17: =[3]OUTM!M17 -> 143.34145 | CF17: =[1]OUTM!$T305 -> 0 | CG17: =[1]OUTM!$U305 -> 1
A18: 1994.08 | B18: =[2]Pat!$B18/1000 -> 43.764074 | C18: 1.0449783 | D18: 1 | E18: 43.596542 | F18: =IF(C$8="NIV",B18-C18,B18/C18) -> 41.880366 | G18: =D18*F18+(1-D18)*E18 -> 41.880366 | H18: =IF(H$9="",G18,(G17+2*G18+G19)/4) -> 43.578144 | I18: =LN(H18/H17) -> -0.0058097401 | J18: =IF(K18="",NA(),IFERROR((H18+K18*J$8),NA())) -> #N/A | L18: =IF(H18=M18,1,IF(H18=N18,-1,"")) | M18: =MAX(H9:H27) -> 43.832058 | N18: =MIN(H9:H27) -> 32.140382 | O18: 37.953835 | P18: =H18/O18-1 -> 0.14818815 | Q18: =IF(R18="",NA(),IFERROR((H18+R18*Q$8),NA())) -> #N/A | S18: =IF(P18=T18,1,IF(P18=U18,-1,"")) | T18: =MAX(P9:P27) -> 0.15055885 | U18: =MIN(P9:P27) -> -0.12391689 | AC18: =[2]Pat!$D18/1000 -> 57.708448 | AD18: 1.0502788 | AE18: 1 | AF18: 54.468899 | AG18: =IF(AD$8="NIV",AC18-AD18,AC18/AD18) -> 54.945834 | AH18: =AG18*AE18+(1-AE18)*AF18 -> 54.945834 | AI18: =IF(AI$9="",AH18,(AH17+2*AH18+AH19)/4) -> 53.836582 | AJ18: =LN(AI18/AI17) -> -0.0030650833 | AK18: =IF(AL18="",NA(),IFERROR((AI18+AL18*AK$8),NA())) -> #N/A | AM18: =IF(AI18=AN18,1,IF(AI18=AO18,-1,"")) | AN18: =MAX(AI9:AI27) -> 61.408933 | AO18: =MIN(AI9:AI27) -> 47.44615 | AP18: 54.200826 | AQ18: =AI18/AP18-1 -> -0.0067202768 | AR18: =IF(AS18="",NA(),IFERROR((AI18+AS18*AR$8),NA())) -> #N/A | AT18: =IF(AQ18=AU18,1,IF(AQ18=AV18,-1,"")) | AU18: =MAX(AQ9:AQ27) -> 0.16127781 | AV18: =MIN(AQ9:AQ27) -> -0.15200525 | CE18: =[3]OUTM!M18 -> 149.47284 | CF18: =[1]OUTM!$T306 -> 0 | CG18: =[1]OUTM!$U306 -> 1
A19: 1994.09 | B19: =[2]Pat!$B19/1000 -> 46.987127 | C19: 1.0647193 | D19: 1 | E19: 43.404472 | F19: =IF(C$8="NIV",B19-C19,B19/C19) -> 44.130999 | G19: =D19*F19+(1-D19)*E19 -> 44.130999 | H19: =IF(H$9="",G19,(G18+2*G19+G20)/4) -> 43.276084 | I19: =LN(H19/H18) -> -0.0069555953 | J19: =IF(K19="",NA(),IFERROR((H19+K19*J$8),NA())) -> #N/A | L19: =IF(H19=M19,1,IF(H19=N19,-1,"")) | M19: =MAX(H10:H28) -> 43.832058 | N19: =MIN(H10:H28) -> 30.10787 | O19: 37.811365 | P19: =H19/O19-1 -> 0.14452582 | Q19: =IF(R19="",NA(),IFERROR((H19+R19*Q$8),NA())) -> #N/A | S19: =IF(P19=T19,1,IF(P19=U19,-1,"")) | T19: =MAX(P10:P28) -> 0.15055885 | U19: =MIN(P10:P28) -> -0.17625977 | AC19: =[2]Pat!$D19/1000 -> 54.978945 | AD19: 1.0294752 | AE19: 1 | AF19: 54.892083 | AG19: =IF(AD$8="NIV",AC19-AD19,AC19/AD19) -> 53.404826 | AH19: =AG19*AE19+(1-AE19)*AF19 -> 53.404826 | AI19: =IF(AI$9="",AH19,(AH18+2*AH19+AH20)/4) -> 54.544206 | AJ19: =LN(AI19/AI18) -> 0.013058294 | AK19: =IF(AL19="",NA(),IFERROR((AI19+AL19*AK$8),NA())) -> #N/A | AM19: =IF(AI19=AN19,1,IF(AI19=AO19,-1,"")) | AN19: =MAX(AI10:AI28) -> 61.408933 | AO19: =MIN(AI10:AI28) -> 47.121619 | AP19: 54.391154 | AQ19: =AI19/AP19-1 -> 0.0028139026 | AR19: =IF(AS19="",NA(),IFERROR((AI19+AS19*AR$8),NA())) -> #N/A | AT19: =IF(AQ19=AU19,1,IF(AQ19=AV19,-1,"")) | AU19: =MAX(AQ10:AQ28) -> 0.16127781 | AV19: =MIN(AQ10:AQ28) -> -0.16082166 | CE19: =[3]OUTM!M19 -> 151.34331 | CF19: =[1]OUTM!$T307 -> 0 | CG19: =[1]OUTM!$U307 -> 1
A20: 1994.1 | B20: =[2]Pat!$B20/1000 -> 45.744372 | C20: 0.93710385 | D20: 0.018570539 | E20: 42.851228 | F20: =IF(C$8="NIV",B20-C20,B20/C20) -> 48.814624 | G20: =D20*F20+(1-D20)*E20 -> 42.961971 | H20: =IF(H$9="",G20,(G19+2*G20+G21)/4) -> 42.608833 | I20: =LN(H20/H19) -> -0.015538572 | J20: =IF(K20="",NA(),IFERROR((H20+K20*J$8),NA())) -> #N/A | L20: =IF(H20=M20,1,IF(H20=N20,-1,"")) | M20: =MAX(H11:H29) -> 43.832058 | N20: =MIN(H11:H29) -> 28.358731 | O20: 37.668988 | P20: =H20/O20-1 -> 0.13113824 | Q20: =IF(R20="",NA(),IFERROR((H20+R20*Q$8),NA())) -> #N/A | S20: =IF(P20=T20,1,IF(P20=U20,-1,"")) | T20: =MAX(P11:P29) -> 0.15055885 | U20: =MIN(P11:P29) -> -0.22124569 | AC20: =[2]Pat!$D20/1000 -> 55.504376 | AD20: 0.983748 | AE20: 1 | AF20: 55.114516 | AG20: =IF(AD$8="NIV",AC20-AD20,AC20/AD20) -> 56.421336 | AH20: =AG20*AE20+(1-AE20)*AF20 -> 56.421336 | AI20: =IF(AI$9="",AH20,(AH19+2*AH20+AH21)/4) -> 55.144284 | AJ20: =LN(AI20/AI19) -> 0.010941614 | AK20: =IF(AL20="",NA(),IFERROR((AI20+AL20*AK$8),NA())) -> #N/A | AM20: =IF(AI20=AN20,1,IF(AI20=AO20,-1,"")) | AN20: =MAX(AI11:AI29) -> 61.408933 | AO20: =MIN(AI11:AI29) -> 47.121619 | AP20: 54.582246 | AQ20: =AI20/AP20-1 -> 0.010297089 | AR20: =IF(AS20="",NA(),IFERROR((AI20+AS20*AR$8),NA())) -> #N/A | AT20: =IF(AQ20=AU20,1,IF(AQ20=AV20,-1,"")) | AU20: =MAX(AQ11:AQ29) -> 0.16127781 | AV20: =MIN(AQ11:AQ29) -> -0.16082166 | CE20: =[3]OUTM!M20 -> 149.09969 | CF20: =[1]OUTM!$T308 -> 0 | CG20: =[1]OUTM!$U308 -> 1
A21: 1994.11 | B21: =[2]Pat!$B21/1000 -> 31.748763 | C21: 0.78624212 | D21: 1 | E21: 42.130649 | F21: =IF(C$8="NIV",B21-C21,B21/C21) -> 40.380389 | G21: =D21*F21+(1-D21)*E21 -> 40.380389 | H21: =IF(H$9="",G21,(G20+2*G21+G22)/4) -> 40.839126 | I21: =LN(H21/H20) -> -0.04242099 | J21: =IF(K21="",NA(),IFERROR((H21+K21*J$8),NA())) -> #N/A | L21: =IF(H21=M21,1,IF(H21=N21,-1,"")) | M21: =MAX(H12:H30) -> 43.832058 | N21: =MIN(H12:H30) -> 27.923923 | O21: 37.52681 | P21: =H21/O21-1 -> 0.088265319 | Q21: =IF(R21="",NA(),IFERROR((H21+R21*Q$8),NA())) -> #N/A | S21: =IF(P21=T21,1,IF(P21=U21,-1,"")) | T21: =MAX(P12:P30) -> 0.15055885 | U21: =MIN(P12:P30) -> -0.23037479 | AC21: =[2]Pat!$D21/1000 -> 58.347318 | AD21: 1.07395 | AE21: 1 | AF21: 54.855579 | AG21: =IF(AD$8="NIV",AC21-AD21,AC21/AD21) -> 54.32964 | AH21: =AG21*AE21+(1-AE21)*AF21 -> 54.32964 | AI21: =IF(AI$9="",AH21,(AH20+2*AH21+AH22)/4) -> 55.689142 | AJ21: =LN(AI21/AI20) -> 0.0098320894 | AK21: =IF(AL21="",NA(),IFERROR((AI21+AL21*AK$8),NA())) -> 60.689142 | AL21: 1 | AM21: 1 | AN21: =MAX(AI12:AI30) -> 58.049612 | AO21: =MIN(AI12:AI30) -> 47.121619 | AP21: 54.774216 | AQ21: =AI21/AP21-1 -> 0.016703581 | AR21: =IF(AS21="",NA(),IFERROR((AI21+AS21*AR$8),NA())) -> #N/A | AT21: =IF(AQ21=AU21,1,IF(AQ21=AV21,-1,"")) | AU21: =MAX(AQ12:AQ30) -> 0.0938611 | AV21: =MIN(AQ12:AQ30) -> -0.16082166 | CE21: =[3]OUTM!M21 -> 148.72074 | CF21: =[1]OUTM!$T309 -> 1 | CG21: =[1]OUTM!$U309 -> 1
A22: 1994.12 | B22: =[2]Pat!$B22/1000 -> 20.838097 | C22: 0.55529326 | D22: 0.43065209 | E22: 41.227825 | F22: =IF(C$8="NIV",B22-C22,B22/C22) -> 37.526292 | G22: =D22*F22+(1-D22)*E22 -> 39.633752 | H22: =IF(H$9="",G22,(G21+2*G22+G23)/4) -> 40.434169 | I22: =LN(H22/H21) -> -0.0099653807 | J22: =IF(K22="",NA(),IFERROR((H22+K22*J$8),NA())) -> #N/A | L22: =IF(H22=M22,1,IF(H22=N22,-1,"")) | M22: =MAX(H13:H31) -> 43.832058 | N22: =MIN(H13:H31) -> 27.923923 | O22: 37.384962 | P22: =H22/O22-1 -> 0.081562386 | Q22: =IF(R22="",NA(),IFERROR((H22+R22*Q$8),NA())) -> #N/A | S22: =IF(P22=T22,1,IF(P22=U22,-1,"")) | T22: =MAX(P13:P31) -> 0.15055885 | U22: =MIN(P13:P31) -> -0.23037479 | Y22: =AVERAGE(H11:H22) -> 40.81594 | AC22: =[2]Pat!$D22/1000 -> 61.8901 | AD22: 1.0669764 | AE22: 0.9165463 | AF22: 54.060743 | AG22: =IF(AD$8="NIV",AC22-AD22,AC22/AD22) -> 58.005126 | AH22: =AG22*AE22+(1-AE22)*AF22 -> 57.675953 | AI22: =IF(AI$9="",AH22,(AH21+2*AH22+AH23)/4) -> 55.217896 | AJ22: =LN(AI22/AI21) -> -0.0084980918 | AK22: =IF(AL22="",NA(),IFERROR((AI22+AL22*AK$8),NA())) -> #N/A | AM22: =IF(AI22=AN22,1,IF(AI22=AO22,-1,"")) | AN22: =MAX(AI13:AI31) -> 57.105521 | AO22: =MIN(AI13:AI31) -> 47.121619 | AP22: 54.967183 | AQ22: =AI22/AP22-1 -> 0.004561133 | AR22: =IF(AS22="",NA(),IFERROR((AI22+AS22*AR$8),NA())) -> #N/A | AT22: =IF(AQ22=AU22,1,IF(AQ22=AV22,-1,"")) | AU22: =MAX(AQ13:AQ31) -> 0.072270417 | AV22: =MIN(AQ13:AQ31) -> -0.16082166 | AZ22: =AVERAGE(AI11:AI22) -> 55.906878 | CE22: =[3]OUTM!M22 -> 146.41652 | CF22: =[1]OUTM!$T310 -> 1 | CG22: =[1]OUTM!$U310 -> 1
A23: 1995.01 | B23: =[2]Pat!$B23/1000 -> 73.615 | C23: 1.7490408 | D23: 1 | E23: 40.115933 | F23: =IF(C$8="NIV",B23-C23,B23/C23) -> 42.088783 | G23: =D23*F23+(1-D23)*E23 -> 42.088783 | H23: =IF(H$9="",G23,(G22+2*G23+G24)/4) -> 40.644962 | I23: =LN(H23/H22) -> 0.0051996844 | J23: =IF(K23="",NA(),IFERROR((H23+K23*J$8),NA())) -> #N/A | L23: =IF(H23=M23,1,IF(H23=N23,-1,"")) | M23: =MAX(H14:H32) -> 43.832058 | N23: =MIN(H14:H32) -> 27.713845 | O23: 37.243595 | P23: =H23/O23-1 -> 0.091327547 | Q23: =IF(R23="",NA(),IFERROR((H23+R23*Q$8),NA())) -> #N/A | S23: =IF(P23=T23,1,IF(P23=U23,-1,"")) | T23: =MAX(P14:P32) -> 0.15055885 | U23: =MIN(P14:P32) -> -0.23063746 | V23: =H23/H11-1 -> 0.0728473 | W23: =(H23/Y22)^W$9-1 -> -0.0077198622 | Y23: =Y22+(H23-H11)/12 -> 41.045926 | Z23: =Z$11 -> 0.068043152 | AA23: =AA$11 -> 0.26104797 | AB23: =AB$11 -> -0.12496166 | AC23: =[2]Pat!$D23/1000 -> 58.528 | AD23: 1.1433475 | AE23: 1 | AF23: 52.694998 | AG23: =IF(AD$8="NIV",AC23-AD23,AC23/AD23) -> 51.190037 | AH23: =AG23*AE23+(1-AE23)*AF23 -> 51.190037 | AI23: =IF(AI$9="",AH23,(AH22+2*AH23+AH24)/4) -> 52.572088 | AJ23: =LN(AI23/AI22) -> -0.04910177 | AK23: =IF(AL23="",NA(),IFERROR((AI23+AL23*AK$8),NA())) -> #N/A | AM23: =IF(AI23=AN23,1,IF(AI23=AO23,-1,"")) | AN23: =MAX(AI14:AI32) -> 55.891712 | AO23: =MIN(AI14:AI32) -> 47.121619 | AP23: 55.161269 | AQ23: =AI23/AP23-1 -> -0.046938385 | AR23: =IF(AS23="",NA(),IFERROR((AI23+AS23*AR$8),NA())) -> #N/A | AT23: =IF(AQ23=AU23,1,IF(AQ23=AV23,-1,"")) | AU23: =MAX(AQ14:AQ32) -> 0.045782801 | AV23: =MIN(AQ14:AQ32) -> -0.16082166 | AW23: =AI23/AI11-1 -> -0.14390162 | AX23: =(AI23/AZ22)^AX$9-1 -> -0.10733357 | AZ23: =AZ22+(AI23-AI11)/12 -> 55.170474 | BA23: =BA$11 -> 0.047029155 | BB23: =BB$11 -> 0.12857351 | BC23: =BC$11 -> -0.034515204 | CE23: =[3]OUTM!M23 -> 143.91589 | CF23: =[1]OUTM!$T311 -> 1 | CG23: =[1]OUTM!$U311 -> 1
A24: 1995.02 | B24: =[2]Pat!$B24/1000 -> 36.138 | C24: 0.93214783 | D24: 1 | E24: 38.658508 | F24: =IF(C$8="NIV",B24-C24,B24/C24) -> 38.768529 | G24: =D24*F24+(1-D24)*E24 -> 38.768529 | H24: =IF(H$9="",G24,(G23+2*G24+G25)/4) -> 39.334864 | I24: =LN(H24/H23) -> -0.032763625 | J24: =IF(K24="",NA(),IFERROR((H24+K24*J$8),NA())) -> #N/A | L24: =IF(H24=M24,1,IF(H24=N24,-1,"")) | M24: =MAX(H15:H33) -> 43.832058 | N24: =MIN(H15:H33) -> 27.468871 | O24: 37.102874 | P24: =H24/O24-1 -> 0.060156814 | Q24: =IF(R24="",NA(),IFERROR((H24+R24*Q$8),NA())) -> #N/A | S24: =IF(P24=T24,1,IF(P24=U24,-1,"")) | T24: =MAX(P15:P33) -> 0.15055885 | U24: =MIN(P15:P33) -> -0.23472692 | V24: =H24/H12-1 -> 0.058249203 | W24: =(H24/Y23)^W$9-1 -> -0.075599483 | Y24: =Y23+(H24-H12)/12 -> 41.226352 | Z24: =Z$11 -> 0.068043152 | AA24: =AA$11 -> 0.26104797 | AB24: =AB$11 -> -0.12496166 | AC24: =[2]Pat!$D24/1000 -> 47.662 | AD24: 0.94883128 | AE24: 1 | AF24: 50.953486 | AG24: =IF(AD$8="NIV",AC24-AD24,AC24/AD24) -> 50.232324 | AH24: =AG24*AE24+(1-AE24)*AF24 -> 50.232324 | AI24: =IF(AI$9="",AH24,(AH23+2*AH24+AH25)/4) -> 49.868394 | AJ24: =LN(AI24/AI23) -> -0.052797916 | AK24: =IF(AL24="",NA(),IFERROR((AI24+AL24*AK$8),NA())) -> #N/A | AM24: =IF(AI24=AN24,1,IF(AI24=AO24,-1,"")) | AN24: =MAX(AI15:AI33) -> 55.689142 | AO24: =MIN(AI15:AI33) -> 47.121619 | AP24: 55.356597 | AQ24: =AI24/AP24-1 -> -0.099142711 | AR24: =IF(AS24="",NA(),IFERROR((AI24+AS24*AR$8),NA())) -> #N/A | AT24: =IF(AQ24=AU24,1,IF(AQ24=AV24,-1,"")) | AU24: =MAX(AQ15:AQ33) -> 0.026822509 | AV24: =MIN(AQ15:AQ33) -> -0.16082166 | AW24: =AI24/AI12-1 -> -0.14093494 | AX24: =(AI24/AZ23)^AX$9-1 -> -0.17017158 | AZ24: =AZ23+(AI24-AI12)/12 -> 54.488706 | BA24: =BA$11 -> 0.047029155 | BB24: =BB$11 -> 0.12857351 | BC24: =BC$11 -> -0.034515204 | CE24: =[3]OUTM!M24 -> 142.98627 | CF24: =[1]OUTM!$T312 -> 1 | CG24: =[1]OUTM!$U312 -> 1
A25: 1995.03 | B25: =[2]Pat!$B25/1000 -> 41.11 | C25: 1.0900572 | D25: 1 | E25: 36.69635 | F25: =IF(C$8="NIV",B25-C25,B25/C25) -> 37.713617 | G25: =D25*F25+(1-D25)*E25 -> 37.713617 | H25: =IF(H$9="",G25,(G24+2*G25+G26)/4) -> 37.104316 | I25: =LN(H25/H24) -> -0.058377973 | J25: =IF(K25="",NA(),IFERROR((H25+K25*J$8),NA())) -> #N/A | L25: =IF(H25=M25,1,IF(H25=N25,-1,"")) | M25: =MAX(H16:H34) -> 43.832058 | N25: =MIN(H16:H34) -> 27.371593 | O25: 36.96298 | P25: =H25/O25-1 -> 0.0038237115 | Q25: =IF(R25="",NA(),IFERROR((H25+R25*Q$8),NA())) -> #N/A | S25: =IF(P25=T25,1,IF(P25=U25,-1,"")) | T25: =MAX(P16:P34) -> 0.15055885 | U25: =MIN(P16:P34) -> -0.23475392 | V25: =H25/H13-1 -> -0.018073614 | W25: =(H25/Y24)^W$9-1 -> -0.17673894 | Y25: =Y24+(H25-H13)/12 -> 41.169439 | Z25: =Z$11 -> 0.068043152 | AA25: =AA$11 -> 0.26104797 | AB25: =AB$11 -> -0.12496166 | AC25: =[2]Pat!$D25/1000 -> 50.983 | AD25: 1.0661686 | AE25: 1 | AF25: 49.390978 | AG25: =IF(AD$8="NIV",AC25-AD25,AC25/AD25) -> 47.818891 | AH25: =AG25*AE25+(1-AE25)*AF25 -> 47.818891 | AI25: =IF(AI$9="",AH25,(AH24+2*AH25+AH26)/4) -> 49.149166 | AJ25: =LN(AI25/AI24) -> -0.014527539 | AK25: =IF(AL25="",NA(),IFERROR((AI25+AL25*AK$8),NA())) -> #N/A | AM25: =IF(AI25=AN25,1,IF(AI25=AO25,-1,"")) | AN25: =MAX(AI16:AI34) -> 55.689142 | AO25: =MIN(AI16:AI34) -> 47.121619 | AP25: 55.553278 | AQ25: =AI25/AP25-1 -> -0.11527875 | AR25: =IF(AS25="",NA(),IFERROR((AI25+AS25*AR$8),NA())) -> #N/A | AT25: =IF(AQ25=AU25,1,IF(AQ25=AV25,-1,"")) | AU25: =MAX(AQ16:AQ34) -> 0.020418036 | AV25: =MIN(AQ16:AQ34) -> -0.16082166 | AW25: =AI25/AI13-1 -> -0.13932725 | AX25: =(AI25/AZ24)^AX$9-1 -> -0.17337195 | AZ25: =AZ24+(AI25-AI13)/12 -> 53.825676 | BA25: =BA$11 -> 0.047029155 | BB25: =BB$11 -> 0.12857351 | BC25: =BC$11 -> -0.034515204 | CE25: =[3]OUTM!M25 -> 138.02284 | CF25: =[1]OUTM!$T313 -> 1 | CG25: =[1]OUTM!$U313 -> 1
A26: 1995.04 | B26: =[2]Pat!$B26/1000 -> 30.375 | C26: 0.88759992 | D26: 1 | E26: 34.452082 | F26: =IF(C$8="NIV",B26-C26,B26/C26) -> 34.221499 | G26: =D26*F26+(1-D26)*E26 -> 34.221499 | H26: =IF(H$9="",G26,(G25+2*G26+G27)/4) -> 34.524274 | I26: =LN(H26/H25) -> -0.072070618 | J26: =IF(K26="",NA(),IFERROR((H26+K26*J$8),NA())) -> #N/A | L26: =IF(H26=M26,1,IF(H26=N26,-1,"")) | M26: =MAX(H17:H35) -> 43.832058 | N26: =MIN(H17:H35) -> 27.371593 | O26: 36.824108 | P26: =H26/O26-1 -> -0.062454581 | Q26: =IF(R26="",NA(),IFERROR((H26+R26*Q$8),NA())) -> #N/A | S26: =IF(P26=T26,1,IF(P26=U26,-1,"")) | T26: =MAX(P17:P35) -> 0.15055885 | U26: =MIN(P17:P35) -> -0.23475392 | V26: =H26/H14-1 -> -0.12676863 | W26: =(H26/Y25)^W$9-1 -> -0.27746181 | Y26: =Y25+(H26-H14)/12 -> 40.751776 | Z26: =Z$11 -> 0.068043152 | AA26: =AA$11 -> 0.26104797 | AB26: =AB$11 -> -0.12496166 | AC26: =[2]Pat!$D26/1000 -> 40.659 | AD26: 0.80153279 | AE26: 1 | AF26: 48.306042 | AG26: =IF(AD$8="NIV",AC26-AD26,AC26/AD26) -> 50.726558 | AH26: =AG26*AE26+(1-AE26)*AF26 -> 50.726558 | AI26: =IF(AI$9="",AH26,(AH25+2*AH26+AH27)/4) -> 48.912898 | AJ26: =LN(AI26/AI25) -> -0.0048187568 | AK26: =IF(AL26="",NA(),IFERROR((AI26+AL26*AK$8),NA())) -> #N/A | AM26: =IF(AI26=AN26,1,IF(AI26=AO26,-1,"")) | AN26: =MAX(AI17:AI35) -> 55.689142 | AO26: =MIN(AI17:AI35) -> 47.121619 | AP26: 55.751395 | AQ26: =AI26/AP26-1 -> -0.12266056 | AR26: =IF(AS26="",NA(),IFERROR((AI26+AS26*AR$8),NA())) -> #N/A | AT26: =IF(AQ26=AU26,1,IF(AQ26=AV26,-1,"")) | AU26: =MAX(AQ17:AQ35) -> 0.016703581 | AV26: =MIN(AQ17:AQ35) -> -0.16082166 | AW26: =AI26/AI14-1 -> -0.12486313 | AX26: =(AI26/AZ25)^AX$9-1 -> -0.16196419 | AZ26: =AZ25+(AI26-AI14)/12 -> 53.244108 | BA26: =BA$11 -> 0.047029155 | BB26: =BB$11 -> 0.12857351 | BC26: =BC$11 -> -0.034515204 | CE26: =[3]OUTM!M26 -> 130.61251 | CF26: =[1]OUTM!$T314 -> 1 | CG26: =[1]OUTM!$U314 -> 1
A27: 1995.05 | B27: =[2]Pat!$B27/1000 -> 28.833 | C27: 1.0362298 | D27: 0.048622708 | E27: 32.150817 | F27: =IF(C$8="NIV",B27-C27,B27/C27) -> 27.824908 | G27: =D27*F27+(1-D27)*E27 -> 31.94048 | H27: =IF(H$9="",G27,(G26+2*G27+G28)/4) -> 32.140382 | I27: =LN(H27/H26) -> -0.071549411 | J27: =IF(K27="",NA(),IFERROR((H27+K27*J$8),NA())) -> #N/A | L27: =IF(H27=M27,1,IF(H27=N27,-1,"")) | M27: =MAX(H18:H36) -> 43.578144 | N27: =MIN(H18:H36) -> 27.371593 | O27: 36.686454 | P27: =H27/O27-1 -> -0.12391689 | Q27: =IF(R27="",NA(),IFERROR((H27+R27*Q$8),NA())) -> #N/A | S27: =IF(P27=T27,1,IF(P27=U27,-1,"")) | T27: =MAX(P18:P36) -> 0.14818815 | U27: =MIN(P18:P36) -> -0.23475392 | V27: =H27/H15-1 -> -0.20970963 | W27: =(H27/Y26)^W$9-1 -> -0.35483643 | Y27: =Y26+(H27-H15)/12 -> 40.041052 | Z27: =Z$11 -> 0.068043152 | AA27: =AA$11 -> 0.26104797 | AB27: =AB$11 -> -0.12496166 | AC27: =[2]Pat!$D27/1000 -> 46.585 | AD27: 1.004429 | AE27: 1 | AF27: 47.760143 | AG27: =IF(AD$8="NIV",AC27-AD27,AC27/AD27) -> 46.379583 | AH27: =AG27*AE27+(1-AE27)*AF27 -> 46.379583 | AI27: =IF(AI$9="",AH27,(AH26+2*AH27+AH28)/4) -> 47.44615 | AJ27: =LN(AI27/AI26) -> -0.030445742 | AK27: =IF(AL27="",NA(),IFERROR((AI27+AL27*AK$8),NA())) -> #N/A | AM27: =IF(AI27=AN27,1,IF(AI27=AO27,-1,"")) | AN27: =MAX(AI18:AI36) -> 57.48435 | AO27: =MIN(AI18:AI36) -> 47.121619 | AP27: 55.950995 | AQ27: =AI27/AP27-1 -> -0.15200525 | AR27: =IF(AS27="",NA(),IFERROR((AI27+AS27*AR$8),NA())) -> #N/A | AT27: =IF(AQ27=AU27,1,IF(AQ27=AV27,-1,"")) | AU27: =MAX(AQ18:AQ36) -> 0.016703581 | AV27: =MIN(AQ18:AQ36) -> -0.16082166 | AW27: =AI27/AI15-1 -> -0.13846829 | AX27: =(AI27/AZ26)^AX$9-1 -> -0.1917197 | AZ27: =AZ26+(AI27-AI15)/12 -> 52.608633 | BA27: =BA$11 -> 0.047029155 | BB27: =BB$11 -> 0.12857351 | BC27: =BC$11 -> -0.034515204 | CE27: =[3]OUTM!M27 -> 129.13632 | CF27: =[1]OUTM!$T315 -> 1 | CG27: =[1]OUTM!$U315 -> 1
A28: 1995.06 | B28: =[2]Pat!$B28/1000 -> 27.888 | C28: 0.91558933 | D28: 1 | E28: 30.153651 | F28: =IF(C$8="NIV",B28-C28,B28/C28) -> 30.459071 | G28: =D28*F28+(1-D28)*E28 -> 30.459071 | H28: =IF(H$9="",G28,(G27+2*G28+G29)/4) -> 30.10787 | I28: =LN(H28/H27) -> -0.065326668 | J28: =IF(K28="",NA(),IFERROR((H28+K28*J$8),NA())) -> #N/A | L28: =IF(H28=M28,1,IF(H28=N28,-1,"")) | M28: =MAX(H19:H37) -> 43.276084 | N28: =MIN(H19:H37) -> 27.371593 | O28: 36.550199 | P28: =H28/O28-1 -> -0.17625977 | Q28: =IF(R28="",NA(),IFERROR((H28+R28*Q$8),NA())) -> #N/A | S28: =IF(P28=T28,1,IF(P28=U28,-1,"")) | T28: =MAX(P19:P37) -> 0.14452582 | U28: =MIN(P19:P37) -> -0.23475392 | V28: =H28/H16-1 -> -0.28612736 | W28: =(H28/Y27)^W$9-1 -> -0.4092562 | Y28: =Y27+(H28-H16)/12 -> 39.035423 | Z28: =Z$11 -> 0.068043152 | AA28: =AA$11 -> 0.26104797 | AB28: =AB$11 -> -0.12496166 | AC28: =[2]Pat!$D28/1000 -> 42.668 | AD28: 0.92157751 | AE28: 1 | AF28: 47.658937 | AG28: =IF(AD$8="NIV",AC28-AD28,AC28/AD28) -> 46.298873 | AH28: =AG28*AE28+(1-AE28)*AF28 -> 46.298873 | AI28: =IF(AI$9="",AH28,(AH27+2*AH28+AH29)/4) -> 47.121619 | AJ28: =LN(AI28/AI27) -> -0.0068634723 | AK28: =IF(AL28="",NA(),IFERROR((AI28+AL28*AK$8),NA())) -> 42.121619 | AL28: -1 | AM28: =IF(AI28=AN28,1,IF(AI28=AO28,-1,"")) -> -1 | AN28: =MAX(AI19:AI37) -> 57.48435 | AO28: =MIN(AI19:AI37) -> 47.121619 | AP28: 56.152092 | AQ28: =AI28/AP28-1 -> -0.16082166 | AR28: =IF(AS28="",NA(),IFERROR((AI28+AS28*AR$8),NA())) -> 42.121619 | AS28: -1 | AT28: =IF(AQ28=AU28,1,IF(AQ28=AV28,-1,"")) -> -1 | AU28: =MAX(AQ19:AQ37) -> 0.016703581 | AV28: =MIN(AQ19:AQ37) -> -0.16082166 | AW28: =AI28/AI16-1 -> -0.14201001 | AX28: =(AI28/AZ27)^AX$9-1 -> -0.18400803 | AZ28: =AZ27+(AI28-AI16)/12 -> 51.958689 | BA28: =BA$11 -> 0.047029155 | BB28: =BB$11 -> 0.12857351 | BC28: =BC$11 -> -0.034515204 | CE28: =[3]OUTM!M28 -> 131.54514 | CF28: =[1]OUTM!$T316 -> 1 | CG28: =[1]OUTM!$U316 -> 1
A29: 1995.07 | B29: =[2]Pat!$B29/1000 -> 27.662 | C29: 1.003233 | D29: 1 | E29: 28.768864 | F29: =IF(C$8="NIV",B29-C29,B29/C29) -> 27.572858 | G29: =D29*F29+(1-D29)*E29 -> 27.572858 | H29: =IF(H$9="",G29,(G28+2*G29+G30)/4) -> 28.358731 | I29: =LN(H29/H28) -> -0.059851633 | J29: =IF(K29="",NA(),IFERROR((H29+K29*J$8),NA())) -> #N/A | L29: =IF(H29=M29,1,IF(H29=N29,-1,"")) | M29: =MAX(H20:H38) -> 42.608833 | N29: =MIN(H20:H38) -> 27.371593 | O29: 36.415505 | P29: =H29/O29-1 -> -0.22124569 | Q29: =IF(R29="",NA(),IFERROR((H29+R29*Q$8),NA())) -> #N/A | S29: =IF(P29=T29,1,IF(P29=U29,-1,"")) | T29: =MAX(P20:P38) -> 0.13113824 | U29: =MIN(P20:P38) -> -0.23475392 | V29: =H29/H17-1 -> -0.35301393 | W29: =(H29/Y28)^W$9-1 -> -0.44562281 | X29: =(H29/Y22)^X$9-1 -> -0.2950104 | Y29: =Y28+(H29-H17)/12 -> 37.745979 | Z29: =Z$11 -> 0.068043152 | AA29: =AA$11 -> 0.26104797 | AB29: =AB$11 -> -0.12496166 | AC29: =[2]Pat!$D29/1000 -> 45.475 | AD29: 0.91851713 | AE29: 1 | AF29: 47.92979 | AG29: =IF(AD$8="NIV",AC29-AD29,AC29/AD29) -> 49.509147 | AH29: =AG29*AE29+(1-AE29)*AF29 -> 49.509147 | AI29: =IF(AI$9="",AH29,(AH28+2*AH29+AH30)/4) -> 48.748335 | AJ29: =LN(AI29/AI28) -> 0.033939139 | AK29: =IF(AL29="",NA(),IFERROR((AI29+AL29*AK$8),NA())) -> #N/A | AM29: =IF(AI29=AN29,1,IF(AI29=AO29,-1,"")) | AN29: =MAX(AI20:AI38) -> 57.48435 | AO29: =MIN(AI20:AI38) -> 47.121619 | AP29: 56.354654 | AQ29: =AI29/AP29-1 -> -0.13497233 | AR29: =IF(AS29="",NA(),IFERROR((AI29+AS29*AR$8),NA())) -> #N/A | AT29: =IF(AQ29=AU29,1,IF(AQ29=AV29,-1,"")) | AU29: =MAX(AQ20:AQ38) -> 0.016703581 | AV29: =MIN(AQ20:AQ38) -> -0.16082166 | AW29: =AI29/AI17-1 -> -0.097283957 | AX29: =(AI29/AZ28)^AX$9-1 -> -0.11107629 | AY29: =(AI29/AZ22)^AY$9-1 -> -0.12325204 | AZ29: =AZ28+(AI29-AI17)/12 -> 51.520897 | BA29: =BA$11 -> 0.047029155 | BB29: =BB$11 -> 0.12857351 | BC29: =BC$11 -> -0.034515204 | CE29: =[3]OUTM!M29 -> 129.39828 | CF29: =[1]OUTM!$T317 -> 1 | CG29: =[1]OUTM!$U317 -> 1
A30: 1995.08 | B30: =[2]Pat!$B30/1000 -> 29.343 | C30: 1.0543606 | D30: 1 | E30: 27.957224 | F30: =IF(C$8="NIV",B30-C30,B30/C30) -> 27.830138 | G30: =D30*F30+(1-D30)*E30 -> 27.830138 | H30: =IF(H$9="",G30,(G29+2*G30+G31)/4) -> 27.923923 | I30: =LN(H30/H29) -> -0.015451172 | J30: =IF(K30="",NA(),IFERROR((H30+K30*J$8),NA())) -> #N/A | L30: =IF(H30=M30,1,IF(H30=N30,-1,"")) | M30: =MAX(H21:H39) -> 40.839126 | N30: =MIN(H21:H39) -> 27.371593 | O30: 36.282496 | P30: =H30/O30-1 -> -0.23037479 | Q30: =IF(R30="",NA(),IFERROR((H30+R30*Q$8),NA())) -> #N/A | S30: =IF(P30=T30,1,IF(P30=U30,-1,"")) | T30: =MAX(P21:P39) -> 0.091327547 | U30: =MIN(P21:P39) -> -0.23475392 | V30: =H30/H18-1 -> -0.35922183 | W30: =(H30/Y29)^W$9-1 -> -0.42674342 | X30: =(H30/Y23)^X$9-1 -> -0.30912716 | Y30: =Y29+(H30-H18)/12 -> 36.441461 | Z30: =Z$11 -> 0.068043152 | AA30: =AA$11 -> 0.26104797 | AB30: =AB$11 -> -0.12496166 | AC30: =[2]Pat!$D30/1000 -> 51.374 | AD30: 1.0341779 | AE30: 1 | AF30: 48.368562 | AG30: =IF(AD$8="NIV",AC30-AD30,AC30/AD30) -> 49.676172 | AH30: =AG30*AE30+(1-AE30)*AF30 -> 49.676172 | AI30: =IF(AI$9="",AH30,(AH29+2*AH30+AH31)/4) -> 49.142359 | AJ30: =LN(AI30/AI29) -> 0.0080503264 | AK30: =IF(AL30="",NA(),IFERROR((AI30+AL30*AK$8),NA())) -> #N/A | AM30: =IF(AI30=AN30,1,IF(AI30=AO30,-1,"")) | AN30: =MAX(AI21:AI39) -> 58.310391 | AO30: =MIN(AI21:AI39) -> 47.121619 | AP30: 56.558604 | AQ30: =AI30/AP30-1 -> -0.13112498 | AR30: =IF(AS30="",NA(),IFERROR((AI30+AS30*AR$8),NA())) -> #N/A | AT30: =IF(AQ30=AU30,1,IF(AQ30=AV30,-1,"")) | AU30: =MAX(AQ21:AQ39) -> 0.016703581 | AV30: =MIN(AQ21:AQ39) -> -0.16082166 | AW30: =AI30/AI18-1 -> -0.087193925 | AX30: =(AI30/AZ29)^AX$9-1 -> -0.083561686 | AY30: =(AI30/AZ23)^AY$9-1 -> -0.10513131 | AZ30: =AZ29+(AI30-AI18)/12 -> 51.129711 | BA30: =BA$11 -> 0.047029155 | BB30: =BB$11 -> 0.12857351 | BC30: =BC$11 -> -0.034515204 | CE30: =[3]OUTM!M30 -> 124.49451 | CF30: =[1]OUTM!$T318 -> 1 | CG30: =[1]OUTM!$U318 -> 1
A31: 1995.09 | B31: =[2]Pat!$B31/1000 -> 29.21 | C31: 1.0262605 | D31: 1 | E31: 27.500163 | F31: =IF(C$8="NIV",B31-C31,B31/C31) -> 28.462559 | G31: =D31*F31+(1-D31)*E31 -> 28.462559 | H31: =IF(H$9="",G31,(G30+2*G31+G32)/4) -> 28.057696 | I31: =LN(H31/H30) -> 0.0047791638 | J31: =IF(K31="",NA(),IFERROR((H31+K31*J$8),NA())) -> #N/A | L31: =IF(H31=M31,1,IF(H31=N31,-1,"")) | M31: =MAX(H22:H40) -> 40.644962 | N31: =MIN(H22:H40) -> 27.371593 | O31: 36.151256 | P31: =H31/O31-1 -> -0.22388048 | Q31: =IF(R31="",NA(),IFERROR((H31+R31*Q$8),NA())) -> #N/A | S31: =IF(P31=T31,1,IF(P31=U31,-1,"")) | T31: =MAX(P22:P40) -> 0.091327547 | U31: =MIN(P22:P40) -> -0.23475392 | V31: =H31/H19-1 -> -0.35165816 | W31: =(H31/Y30)^W$9-1 -> -0.38286424 | X31: =(H31/Y24)^X$9-1 -> -0.3088664 | Y31: =Y30+(H31-H19)/12 -> 35.173262 | Z31: =Z$11 -> 0.068043152 | AA31: =AA$11 -> 0.26104797 | AB31: =AB$11 -> -0.12496166 | AC31: =[2]Pat!$D31/1000 -> 48.898 | AD31: 1.0249446 | AE31: 1 | AF31: 49.166014 | AG31: =IF(AD$8="NIV",AC31-AD31,AC31/AD31) -> 47.707944 | AH31: =AG31*AE31+(1-AE31)*AF31 -> 47.707944 | AI31: =IF(AI$9="",AH31,(AH30+2*AH31+AH32)/4) -> 48.501814 | AJ31: =LN(AI31/AI30) -> -0.013120172 | AK31: =IF(AL31="",NA(),IFERROR((AI31+AL31*AK$8),NA())) -> #N/A | AM31: =IF(AI31=AN31,1,IF(AI31=AO31,-1,"")) | AN31: =MAX(AI22:AI40) -> 58.310391 | AO31: =MIN(AI22:AI40) -> 47.121619 | AP31: 56.763825 | AQ31: =AI31/AP31-1 -> -0.14555065 | AR31: =IF(AS31="",NA(),IFERROR((AI31+AS31*AR$8),NA())) -> #N/A | AT31: =IF(AQ31=AU31,1,IF(AQ31=AV31,-1,"")) | AU31: =MAX(AQ22:AQ40) -> 0.004561133 | AV31: =MIN(AQ22:AQ40) -> -0.16082166 | AW31: =AI31/AI19-1 -> -0.11077972 | AX31: =(AI31/AZ30)^AX$9-1 -> -0.092817383 | AY31: =(AI31/AZ24)^AY$9-1 -> -0.10572019 | AZ31: =AZ30+(AI31-AI19)/12 -> 50.626179 | BA31: =BA$11 -> 0.047029155 | BB31: =BB$11 -> 0.12857351 | BC31: =BC$11 -> -0.034515204 | CE31: =[3]OUTM!M31 -> 123.90172 | CF31: =[1]OUTM!$T319 -> 1 | CG31: =[1]OUTM!$U319 -> 1
A32: 1995.1 | B32: =[2]Pat!$B32/1000 -> 26.796 | C32: 0.97526795 | D32: 1 | E32: 27.297286 | F32: =IF(C$8="NIV",B32-C32,B32/C32) -> 27.475526 | G32: =D32*F32+(1-D32)*E32 -> 27.475526 | H32: =IF(H$9="",G32,(G31+2*G32+G33)/4) -> 27.713845 | I32: =LN(H32/H31) -> -0.012330839 | J32: =IF(K32="",NA(),IFERROR((H32+K32*J$8),NA())) -> #N/A | L32: =IF(H32=M32,1,IF(H32=N32,-1,"")) | M32: =MAX(H23:H41) -> 40.644962 | N32: =MIN(H23:H41) -> 27.371593 | O32: 36.021828 | P32: =H32/O32-1 -> -0.23063746 | Q32: =IF(R32="",NA(),IFERROR((H32+R32*Q$8),NA())) -> #N/A | S32: =IF(P32=T32,1,IF(P32=U32,-1,"")) | T32: =MAX(P23:P41) -> 0.091327547 | U32: =MIN(P23:P41) -> -0.23475392 | V32: =H32/H20-1 -> -0.34957511 | W32: =(H32/Y31)^W$9-1 -> -0.35598825 | X32: =(H32/Y25)^X$9-1 -> -0.31609314 | Y32: =Y31+(H32-H20)/12 -> 33.932013 | Z32: =Z$11 -> 0.068043152 | AA32: =AA$11 -> 0.26104797 | AB32: =AB$11 -> -0.12496166 | AC32: =[2]Pat!$D32/1000 -> 49.392 | AD32: 1.1038275 | AE32: 0.26453581 | AF32: 50.414751 | AG32: =IF(AD$8="NIV",AC32-AD32,AC32/AD32) -> 44.746121 | AH32: =AG32*AE32+(1-AE32)*AF32 -> 48.915196 | AI32: =IF(AI$9="",AH32,(AH31+2*AH32+AH33)/4) -> 49.756502 | AJ32: =LN(AI32/AI31) -> 0.025539954 | AK32: =IF(AL32="",NA(),IFERROR((AI32+AL32*AK$8),NA())) -> #N/A | AM32: =IF(AI32=AN32,1,IF(AI32=AO32,-1,"")) | AN32: =MAX(AI23:AI41) -> 58.310391 | AO32: =MIN(AI23:AI41) -> 47.121619 | AP32: 56.970161 | AQ32: =AI32/AP32-1 -> -0.1266217 | AR32: =IF(AS32="",NA(),IFERROR((AI32+AS32*AR$8),NA())) -> #N/A | AT32: =IF(AQ32=AU32,1,IF(AQ32=AV32,-1,"")) | AU32: =MAX(AQ23:AQ41) -> -0.0019696931 | AV32: =MIN(AQ23:AQ41) -> -0.16082166 | AW32: =AI32/AI20-1 -> -0.097703366 | AX32: =(AI32/AZ31)^AX$9-1 -> -0.031483267 | AY32: =(AI32/AZ25)^AY$9-1 -> -0.072687887 | AZ32: =AZ31+(AI32-AI20)/12 -> 50.177197 | BA32: =BA$11 -> 0.047029155 | BB32: =BB$11 -> 0.12857351 | BC32: =BC$11 -> -0.034515204 | CE32: =[3]OUTM!M32 -> 125.38109 | CF32: =[1]OUTM!$T320 -> 0 | CG32: =[1]OUTM!$U320 -> 1
A33: 1995.11 | B33: =[2]Pat!$B33/1000 -> 21.743 | C33: 0.79233231 | D33: 1 | E33: 27.276989 | F33: =IF(C$8="NIV",B33-C33,B33/C33) -> 27.441769 | G33: =D33*F33+(1-D33)*E33 -> 27.441769 | H33: =IF(H$9="",G33,(G32+2*G33+G34)/4) -> 27.468871 | I33: =LN(H33/H32) -> -0.0088786938 | J33: =IF(K33="",NA(),IFERROR((H33+K33*J$8),NA())) -> #N/A | L33: =IF(H33=M33,1,IF(H33=N33,-1,"")) | M33: =MAX(H24:H42) -> 39.334864 | N33: =MIN(H24:H42) -> 27.371593 | O33: 35.894209 | P33: =H33/O33-1 -> -0.23472692 | Q33: =IF(R33="",NA(),IFERROR((H33+R33*Q$8),NA())) -> #N/A | S33: =IF(P33=T33,1,IF(P33=U33,-1,"")) | T33: =MAX(P24:P42) -> 0.060156814 | U33: =MIN(P24:P42) -> -0.23475392 | V33: =H33/H21-1 -> -0.32738835 | W33: =(H33/Y32)^W$9-1 -> -0.32301248 | X33: =(H33/Y26)^X$9-1 -> -0.3152272 | Y33: =Y32+(H33-H21)/12 -> 32.817825 | Z33: =Z$11 -> 0.068043152 | AA33: =AA$11 -> 0.26104797 | AB33: =AB$11 -> -0.12496166 | AC33: =[2]Pat!$D33/1000 -> 51.947 | AD33: 0.97119573 | AE33: 1 | AF33: 51.934881 | AG33: =IF(AD$8="NIV",AC33-AD33,AC33/AD33) -> 53.487673 | AH33: =AG33*AE33+(1-AE33)*AF33 -> 53.487673 | AI33: =IF(AI$9="",AH33,(AH32+2*AH33+AH34)/4) -> 52.240242 | AJ33: =LN(AI33/AI32) -> 0.048711966 | AK33: =IF(AL33="",NA(),IFERROR((AI33+AL33*AK$8),NA())) -> #N/A | AM33: =IF(AI33=AN33,1,IF(AI33=AO33,-1,"")) | AN33: =MAX(AI24:AI42) -> 58.310391 | AO33: =MIN(AI24:AI42) -> 47.121619 | AP33: 57.177412 | AQ33: =AI33/AP33-1 -> -0.086348256 | AR33: =IF(AS33="",NA(),IFERROR((AI33+AS33*AR$8),NA())) -> #N/A | AT33: =IF(AQ33=AU33,1,IF(AQ33=AV33,-1,"")) | AU33: =MAX(AQ24:AQ42) -> -0.0019696931 | AV33: =MIN(AQ24:AQ42) -> -0.16082166 | AW33: =AI33/AI21-1 -> -0.061931284 | AX33: =(AI33/AZ32)^AX$9-1 -> 0.077222579 | AY33: =(AI33/AZ26)^AY$9-1 -> -0.018106747 | AZ33: =AZ32+(AI33-AI21)/12 -> 49.889788 | BA33: =BA$11 -> 0.047029155 | BB33: =BB$11 -> 0.12857351 | BC33: =BC$11 -> -0.034515204 | CE33: =[3]OUTM!M33 -> 123.12322 | CF33: =[1]OUTM!$T321 -> 0 | CG33: =[1]OUTM!$U321 -> 1
A34: 1995.12 | B34: =[2]Pat!$B34/1000 -> 11.494 | C34: 0.53719642 | D34: 0 | E34: 27.516422 | F34: =IF(C$8="NIV",B34-C34,B34/C34) -> 21.396271 | G34: =D34*F34+(1-D34)*E34 -> 27.516422 | H34: =IF(H$9="",G34,(G33+2*G34+G35)/4) -> 27.371593 | I34: =LN(H34/H33) -> -0.0035476947 | J34: =IF(K34="",NA(),IFERROR((H34+K34*J$8),NA())) -> 24.371593 | K34: -1 | L34: =IF(H34=M34,1,IF(H34=N34,-1,"")) -> -1 | M34: =MAX(H25:H43) -> 37.104316 | N34: =MIN(H25:H43) -> 27.371593 | O34: 35.768354 | P34: =H34/O34-1 -> -0.23475392 | Q34: =IF(R34="",NA(),IFERROR((H34+R34*Q$8),NA())) -> 24.371593 | R34: -1 | S34: =IF(P34=T34,1,IF(P34=U34,-1,"")) -> -1 | T34: =MAX(P25:P43) -> 0.0038237115 | U34: =MIN(P25:P43) -> -0.23475392 | V34: =H34/H22-1 -> -0.32305786 | W34: =(H34/Y33)^W$9-1 -> -0.28467217 | X34: =(H34/Y27)^X$9-1 -> -0.30593073 | Y34: =Y33+(H34-H22)/12 -> 31.729277 | Z34: =Z$11 -> 0.068043152 | AA34: =AA$11 -> 0.26104797 | AB34: =AB$11 -> -0.12496166 | AC34: =[2]Pat!$D34/1000 -> 55.297 | AD34: 1.0419551 | AE34: 1 | AF34: 53.550701 | AG34: =IF(AD$8="NIV",AC34-AD34,AC34/AD34) -> 53.070426 | AH34: =AG34*AE34+(1-AE34)*AF34 -> 53.070426 | AI34: =IF(AI$9="",AH34,(AH33+2*AH34+AH35)/4) -> 53.417765 | AJ34: =LN(AI34/AI33) -> 0.022290254 | AK34: =IF(AL34="",NA(),IFERROR((AI34+AL34*AK$8),NA())) -> #N/A | AM34: =IF(AI34=AN34,1,IF(AI34=AO34,-1,"")) | AN34: =MAX(AI25:AI43) -> 58.310391 | AO34: =MIN(AI25:AI43) -> 47.121619 | AP34: 57.385342 | AQ34: =AI34/AP34-1 -> -0.069139209 | AR34: =IF(AS34="",NA(),IFERROR((AI34+AS34*AR$8),NA())) -> #N/A | AT34: =IF(AQ34=AU34,1,IF(AQ34=AV34,-1,"")) | AU34: =MAX(AQ25:AQ43) -> -0.0019696931 | AV34: =MIN(AQ25:AQ43) -> -0.16082166 | AW34: =AI34/AI22-1 -> -0.032600493 | AX34: =(AI34/AZ33)^AX$9-1 -> 0.13444348 | AY34: =(AI34/AZ27)^AY$9-1 -> 0.014760489 | AZ34: =AZ33+(AI34-AI22)/12 -> 49.739778 | BA34: =BA$11 -> 0.047029155 | BB34: =BB$11 -> 0.12857351 | BC34: =BC$11 -> -0.034515204 | CE34: =[3]OUTM!M34 -> 123.14358 | CF34: =[1]OUTM!$T322 -> 0 | CG34: =[1]OUTM!$U322 -> 1
A35: 1996.01 | B35: =[2]Pat!$B35/1000 -> 48.642 | C35: 1.8007713 | D35: 1 | E35: 28.093937 | F35: =IF(C$8="NIV",B35-C35,B35/C35) -> 27.011758 | G35: =D35*F35+(1-D35)*E35 -> 27.011758 | H35: =IF(H$9="",G35,(G34+2*G35+G36)/4) -> 27.601493 | I35: =LN(H35/H34) -> 0.0083641396 | J35: =IF(K35="",NA(),IFERROR((H35+K35*J$8),NA())) -> #N/A | L35: =IF(H35=M35,1,IF(H35=N35,-1,"")) | M35: =MAX(H26:H44) -> 34.524274 | N35: =MIN(H26:H44) -> 27.371593 | O35: 35.644177 | P35: =H35/O35-1 -> -0.22563809 | Q35: =IF(R35="",NA(),IFERROR((H35+R35*Q$8),NA())) -> #N/A | S35: =IF(P35=T35,1,IF(P35=U35,-1,"")) | T35: =MAX(P26:P44) -> -0.062454581 | U35: =MIN(P26:P44) -> -0.23475392 | V35: =H35/H23-1 -> -0.32091232 | W35: =(H35/Y34)^W$9-1 -> -0.22686252 | X35: =(H35/Y28)^X$9-1 -> -0.28304032 | Y35: =Y34+(H35-H23)/12 -> 30.642322 | Z35: =Z$11 -> 0.068043152 | AA35: =AA$11 -> 0.26104797 | AB35: =AB$11 -> -0.12496166 | AC35: =[2]Pat!$D35/1000 -> 62.671 | AD35: 1.1596606 | AE35: 1 | AF35: 55.194621 | AG35: =IF(AD$8="NIV",AC35-AD35,AC35/AD35) -> 54.042536 | AH35: =AG35*AE35+(1-AE35)*AF35 -> 54.042536 | AI35: =IF(AI$9="",AH35,(AH34+2*AH35+AH36)/4) -> 55.154512 | AJ35: =LN(AI35/AI34) -> 0.031995189 | AK35: =IF(AL35="",NA(),IFERROR((AI35+AL35*AK$8),NA())) -> #N/A | AM35: =IF(AI35=AN35,1,IF(AI35=AO35,-1,"")) | AN35: =MAX(AI26:AI44) -> 58.310391 | AO35: =MIN(AI26:AI44) -> 47.121619 | AP35: 57.59369 | AQ35: =AI35/AP35-1 -> -0.042351483 | AR35: =IF(AS35="",NA(),IFERROR((AI35+AS35*AR$8),NA())) -> #N/A | AT35: =IF(AQ35=AU35,1,IF(AQ35=AV35,-1,"")) | AU35: =MAX(AQ26:AQ44) -> -0.0019696931 | AV35: =MIN(AQ26:AQ44) -> -0.16082166 | AW35: =AI35/AI23-1 -> 0.049121587 | AX35: =(AI35/AZ34)^AX$9-1 -> 0.21018073 | AY35: =(AI35/AZ28)^AY$9-1 -> 0.058975582 | AZ35: =AZ34+(AI35-AI23)/12 -> 49.95498 | BA35: =BA$11 -> 0.047029155 | BB35: =BB$11 -> 0.12857351 | BC35: =BC$11 -> -0.034515204 | CE35: =[3]OUTM!M35 -> 127.471 | CF35: =[1]OUTM!$T323 -> 0 | CG35: =[1]OUTM!$U323 -> 0
A36: 1996.02 | B36: =[2]Pat!$B36/1000 -> 28.317 | C36: 0.98097999 | D36: 1 | E36: 28.928463 | F36: =IF(C$8="NIV",B36-C36,B36/C36) -> 28.866032 | G36: =D36*F36+(1-D36)*E36 -> 28.866032 | H36: =IF(H$9="",G36,(G35+2*G36+G37)/4) -> 28.767289 | I36: =LN(H36/H35) -> 0.041369091 | J36: =IF(K36="",NA(),IFERROR((H36+K36*J$8),NA())) -> #N/A | L36: =IF(H36=M36,1,IF(H36=N36,-1,"")) | M36: =MAX(H27:H45) -> 32.140382 | N36: =MIN(H27:H45) -> 27.371593 | O36: 35.521545 | P36: =H36/O36-1 -> -0.19014532 | Q36: =IF(R36="",NA(),IFERROR((H36+R36*Q$8),NA())) -> #N/A | S36: =IF(P36=T36,1,IF(P36=U36,-1,"")) | T36: =MAX(P27:P45) -> -0.0885906 | U36: =MIN(P27:P45) -> -0.23475392 | V36: =H36/H24-1 -> -0.26865671 | W36: =(H36/Y35)^W$9-1 -> -0.11003397 | X36: =(H36/Y29)^X$9-1 -> -0.2295453 | Y36: =Y35+(H36-H24)/12 -> 29.76169 | Z36: =Z$11 -> 0.068043152 | AA36: =AA$11 -> 0.26104797 | AB36: =AB$11 -> -0.12496166 | AC36: =[2]Pat!$D36/1000 -> 56.335 | AD36: 0.94740301 | AE36: 1 | AF36: 56.604484 | AG36: =IF(AD$8="NIV",AC36-AD36,AC36/AD36) -> 59.462551 | AH36: =AG36*AE36+(1-AE36)*AF36 -> 59.462551 | AI36: =IF(AI$9="",AH36,(AH35+2*AH36+AH37)/4) -> 57.48435 | AJ36: =LN(AI36/AI35) -> 0.041374174 | AK36: =IF(AL36="",NA(),IFERROR((AI36+AL36*AK$8),NA())) -> #N/A | AM36: =IF(AI36=AN36,1,IF(AI36=AO36,-1,"")) | AN36: =MAX(AI27:AI45) -> 58.310391 | AO36: =MIN(AI27:AI45) -> 47.121619 | AP36: 57.802174 | AQ36: =AI36/AP36-1 -> -0.0054984757 | AR36: =IF(AS36="",NA(),IFERROR((AI36+AS36*AR$8),NA())) -> #N/A | AT36: =IF(AQ36=AU36,1,IF(AQ36=AV36,-1,"")) | AU36: =MAX(AQ27:AQ45) -> -0.0019696931 | AV36: =MIN(AQ27:AQ45) -> -0.16082166 | AW36: =AI36/AI24-1 -> 0.1527211 | AX36: =(AI36/AZ35)^AX$9-1 -> 0.29587033 | AY36: =(AI36/AZ29)^AY$9-1 -> 0.11087083 | AZ36: =AZ35+(AI36-AI24)/12 -> 50.589643 | BA36: =BA$11 -> 0.047029155 | BB36: =BB$11 -> 0.12857351 | BC36: =BC$11 -> -0.034515204 | CE36: =[3]OUTM!M36 -> 128.49953 | CF36: =[1]OUTM!$T324 -> 0 | CG36: =[1]OUTM!$U324 -> 0
A37: 1996.03 | B37: =[2]Pat!$B37/1000 -> 29.717 | C37: 0.97993974 | D37: 1 | E37: 29.891438 | F37: =IF(C$8="NIV",B37-C37,B37/C37) -> 30.325334 | G37: =D37*F37+(1-D37)*E37 -> 30.325334 | H37: =IF(H$9="",G37,(G36+2*G37+G38)/4) -> 30.118118 | I37: =LN(H37/H36) -> 0.04588798 | J37: =IF(K37="",NA(),IFERROR((H37+K37*J$8),NA())) -> #N/A | L37: =IF(H37=M37,1,IF(H37=N37,-1,"")) | M37: =MAX(H28:H46) -> 31.685748 | N37: =MIN(H28:H46) -> 27.371593 | O37: 35.400284 | P37: =H37/O37-1 -> -0.14921252 | Q37: =IF(R37="",NA(),IFERROR((H37+R37*Q$8),NA())) -> #N/A | S37: =IF(P37=T37,1,IF(P37=U37,-1,"")) | T37: =MAX(P28:P46) -> -0.080486845 | U37: =MIN(P28:P46) -> -0.23475392 | V37: =H37/H25-1 -> -0.1882853 | W37: =(H37/Y36)^W$9-1 -> 0.022221631 | X37: =(H37/Y30)^X$9-1 -> -0.16719606 | Y37: =Y36+(H37-H25)/12 -> 29.179507 | Z37: =Z$11 -> 0.068043152 | AA37: =AA$11 -> 0.26104797 | AB37: =AB$11 -> -0.12496166 | AC37: =[2]Pat!$D37/1000 -> 56.369 | AD37: 0.98945475 | AE37: 1 | AF37: 57.434018 | AG37: =IF(AD$8="NIV",AC37-AD37,AC37/AD37) -> 56.969761 | AH37: =AG37*AE37+(1-AE37)*AF37 -> 56.969761 | AI37: =IF(AI$9="",AH37,(AH36+2*AH37+AH38)/4) -> 57.204697 | AJ37: =LN(AI37/AI36) -> -0.0048767142 | AK37: =IF(AL37="",NA(),IFERROR((AI37+AL37*AK$8),NA())) -> #N/A | AM37: =IF(AI37=AN37,1,IF(AI37=AO37,-1,"")) | AN37: =MAX(AI28:AI46) -> 58.310391 | AO37: =MIN(AI28:AI46) -> 47.121619 | AP37: 58.010497 | AQ37: =AI37/AP37-1 -> -0.013890577 | AR37: =IF(AS37="",NA(),IFERROR((AI37+AS37*AR$8),NA())) -> #N/A | AT37: =IF(AQ37=AU37,1,IF(AQ37=AV37,-1,"")) | AU37: =MAX(AQ28:AQ46) -> -0.0019696931 | AV37: =MIN(AQ28:AQ46) -> -0.16082166 | AW37: =AI37/AI25-1 -> 0.16389966 | AX37: =(AI37/AZ36)^AX$9-1 -> 0.25466962 | AY37: =(AI37/AZ30)^AY$9-1 -> 0.11380206 | AZ37: =AZ36+(AI37-AI25)/12 -> 51.260937 | BA37: =BA$11 -> 0.047029155 | BB37: =BB$11 -> 0.12857351 | BC37: =BC$11 -> -0.034515204 | CE37: =[3]OUTM!M37 -> 128.4299 | CF37: =[1]OUTM!$T325 -> 0 | CG37: =[1]OUTM!$U325 -> 0
A38: 1996.04 | B38: =[2]Pat!$B38/1000 -> 30.345 | C38: 0.98026948 | D38: 1 | E38: 30.687083 | F38: =IF(C$8="NIV",B38-C38,B38/C38) -> 30.955773 | G38: =D38*F38+(1-D38)*E38 -> 30.955773 | H38: =IF(H$9="",G38,(G37+2*G38+G39)/4) -> 31.110592 | I38: =LN(H38/H37) -> 0.032421392 | J38: =IF(K38="",NA(),IFERROR((H38+K38*J$8),NA())) -> #N/A | L38: =IF(H38=M38,1,IF(H38=N38,-1,"")) | M38: =MAX(H29:H47) -> 31.685748 | N38: =MIN(H29:H47) -> 27.371593 | O38: 35.280186 | P38: =H38/O38-1 -> -0.11818517 | Q38: =IF(R38="",NA(),IFERROR((H38+R38*Q$8),NA())) -> #N/A | S38: =IF(P38=T38,1,IF(P38=U38,-1,"")) | T38: =MAX(P29:P47) -> -0.077379716 | U38: =MIN(P29:P47) -> -0.23475392 | V38: =H38/H26-1 -> -0.098877747 | W38: =(H38/Y37)^W$9-1 -> 0.12558694 | X38: =(H38/Y31)^X$9-1 -> -0.11115139 | Y38: =Y37+(H38-H26)/12 -> 28.895034 | Z38: =Z$11 -> 0.068043152 | AA38: =AA$11 -> 0.26104797 | AB38: =AB$11 -> -0.12496166 | AC38: =[2]Pat!$D38/1000 -> 53.649 | AD38: 0.96810137 | AE38: 1 | AF38: 57.704022 | AG38: =IF(AD$8="NIV",AC38-AD38,AC38/AD38) -> 55.416717 | AH38: =AG38*AE38+(1-AE38)*AF38 -> 55.416717 | AI38: =IF(AI$9="",AH38,(AH37+2*AH38+AH39)/4) -> 57.068834 | AJ38: =LN(AI38/AI37) -> -0.0023778711 | AK38: =IF(AL38="",NA(),IFERROR((AI38+AL38*AK$8),NA())) -> #N/A | AM38: =IF(AI38=AN38,1,IF(AI38=AO38,-1,"")) | AN38: =MAX(AI29:AI47) -> 58.815814 | AO38: =MIN(AI29:AI47) -> 48.501814 | AP38: 58.218363 | AQ38: =AI38/AP38-1 -> -0.019745133 | AR38: =IF(AS38="",NA(),IFERROR((AI38+AS38*AR$8),NA())) -> #N/A | AT38: =IF(AQ38=AU38,1,IF(AQ38=AV38,-1,"")) | AU38: =MAX(AQ29:AQ47) -> -0.0019696931 | AV38: =MIN(AQ29:AQ47) -> -0.14555065 | AW38: =AI38/AI26-1 -> 0.16674408 | AX38: =(AI38/AZ37)^AX$9-1 -> 0.21914052 | AY38: =(AI38/AZ31)^AY$9-1 -> 0.12187093 | AZ38: =AZ37+(AI38-AI26)/12 -> 51.940598 | BA38: =BA$11 -> 0.047029155 | BB38: =BB$11 -> 0.12857351 | BC38: =BC$11 -> -0.034515204 | CE38: =[3]OUTM!M38 -> 131.70499 | CF38: =[1]OUTM!$T326 -> 0 | CG38: =[1]OUTM!$U326 -> 0
A39: 1996.05 | B39: =[2]Pat!$B39/1000 -> 34.056 | C39: 1.0197667 | D39: 0.49032075 | E39: 31.06031 | F39: =IF(C$8="NIV",B39-C39,B39/C39) -> 33.395873 | G39: =D39*F39+(1-D39)*E39 -> 32.205485 | H39: =IF(H$9="",G39,(G38+2*G39+G40)/4) -> 31.685748 | I39: =LN(H39/H38) -> 0.018318671 | J39: =IF(K39="",NA(),IFERROR((H39+K39*J$8),NA())) -> #N/A | L39: =IF(H39=M39,1,IF(H39=N39,-1,"")) | M39: =MAX(H30:H48) -> 31.929278 | N39: =MIN(H30:H48) -> 27.371593 | O39: 35.161016 | P39: =H39/O39-1 -> -0.098838653 | Q39: =IF(R39="",NA(),IFERROR((H39+R39*Q$8),NA())) -> #N/A | S39: =IF(P39=T39,1,IF(P39=U39,-1,"")) | T39: =MAX(P30:P48) -> -0.063134035 | U39: =MIN(P30:P48) -> -0.23475392 | V39: =H39/H27-1 -> -0.014145264 | W39: =(H39/Y38)^W$9-1 -> 0.18555418 | X39: =(H39/Y32)^X$9-1 -> -0.063637168 | Y39: =Y38+(H39-H27)/12 -> 28.857147 | Z39: =Z$11 -> 0.068043152 | AA39: =AA$11 -> 0.26104797 | AB39: =AB$11 -> -0.12496166 | AC39: =[2]Pat!$D39/1000 -> 61.319 | AD39: 0.97003144 | AE39: 0.50758193 | AF39: 57.646447 | AG39: =IF(AD$8="NIV",AC39-AD39,AC39/AD39) -> 63.213415 | AH39: =AG39*AE39+(1-AE39)*AF39 -> 60.472139 | AI39: =IF(AI$9="",AH39,(AH38+2*AH39+AH40)/4) -> 58.310391 | AJ39: =LN(AI39/AI38) -> 0.021522164 | AK39: =IF(AL39="",NA(),IFERROR((AI39+AL39*AK$8),NA())) -> #N/A | AM39: =IF(AI39=AN39,1,IF(AI39=AO39,-1,"")) | AN39: =MAX(AI30:AI48) -> 61.210195 | AO39: =MIN(AI30:AI48) -> 48.501814 | AP39: 58.425471 | AQ39: =AI39/AP39-1 -> -0.0019696931 | AR39: =IF(AS39="",NA(),IFERROR((AI39+AS39*AR$8),NA())) -> #N/A | AT39: =IF(AQ39=AU39,1,IF(AQ39=AV39,-1,"")) | AU39: =MAX(AQ30:AQ48) -> 0.016748082 | AV39: =MIN(AQ30:AQ48) -> -0.14555065 | AW39: =AI39/AI27-1 -> 0.22898047 | AX39: =(AI39/AZ38)^AX$9-1 -> 0.23808065 | AY39: =(AI39/AZ32)^AY$9-1 -> 0.15512764 | AZ39: =AZ38+(AI39-AI27)/12 -> 52.845952 | BA39: =BA$11 -> 0.047029155 | BB39: =BB$11 -> 0.12857351 | BC39: =BC$11 -> -0.034515204 | CE39: =[3]OUTM!M39 -> 133.28521 | CF39: =[1]OUTM!$T327 -> 0 | CG39: =[1]OUTM!$U327 -> 0
A40: 1996.06 | B40: =[2]Pat!$B40/1000 -> 26.644 | C40: 0.84917735 | D40: 1 | E40: 31.006302 | F40: =IF(C$8="NIV",B40-C40,B40/C40) -> 31.376249 | G40: =D40*F40+(1-D40)*E40 -> 31.376249 | H40: =IF(H$9="",G40,(G39+2*G40+G41)/4) -> 31.225957 | I40: =LN(H40/H39) -> -0.014617286 | J40: =IF(K40="",NA(),IFERROR((H40+K40*J$8),NA())) -> #N/A | L40: =IF(H40=M40,1,IF(H40=N40,-1,"")) | M40: =MAX(H31:H49) -> 32.523943 | N40: =MIN(H31:H49) -> 27.371593 | O40: 35.042514 | P40: =H40/O40-1 -> -0.1089122 | Q40: =IF(R40="",NA(),IFERROR((H40+R40*Q$8),NA())) -> #N/A | S40: =IF(P40=T40,1,IF(P40=U40,-1,"")) | T40: =MAX(P31:P49) -> -0.04210246 | U40: =MIN(P31:P49) -> -0.23475392 | V40: =H40/H28-1 -> 0.037136053 | W40: =(H40/Y39)^W$9-1 -> 0.15678751 | X40: =(H40/Y33)^X$9-1 -> -0.046611909 | Y40: =Y39+(H40-H28)/12 -> 28.950321 | Z40: =Z$11 -> 0.068043152 | AA40: =AA$11 -> 0.26104797 | AB40: =AB$11 -> -0.12496166 | AC40: =[2]Pat!$D40/1000 -> 46.31 | AD40: 0.81416205 | AE40: 1 | AF40: 57.282325 | AG40: =IF(AD$8="NIV",AC40-AD40,AC40/AD40) -> 56.880569 | AH40: =AG40*AE40+(1-AE40)*AF40 -> 56.880569 | AI40: =IF(AI$9="",AH40,(AH39+2*AH40+AH41)/4) -> 57.503711 | AJ40: =LN(AI40/AI39) -> -0.013930824 | AK40: =IF(AL40="",NA(),IFERROR((AI40+AL40*AK$8),NA())) -> #N/A | AM40: =IF(AI40=AN40,1,IF(AI40=AO40,-1,"")) | AN40: =MAX(AI31:AI49) -> 63.387939 | AO40: =MIN(AI31:AI49) -> 48.501814 | AP40: 58.631515 | AQ40: =AI40/AP40-1 -> -0.019235451 | AR40: =IF(AS40="",NA(),IFERROR((AI40+AS40*AR$8),NA())) -> #N/A | AT40: =IF(AQ40=AU40,1,IF(AQ40=AV40,-1,"")) | AU40: =MAX(AQ31:AQ49) -> 0.049768694 | AV40: =MIN(AQ31:AQ49) -> -0.14555065 | AW40: =AI40/AI28-1 -> 0.22032545 | AX40: =(AI40/AZ39)^AX$9-1 -> 0.16875797 | AY40: =(AI40/AZ33)^AY$9-1 -> 0.14608504 | AZ40: =AZ39+(AI40-AI28)/12 -> 53.711126 | BA40: =BA$11 -> 0.047029155 | BB40: =BB$11 -> 0.12857351 | BC40: =BC$11 -> -0.034515204 | CE40: =[3]OUTM!M40 -> 132.75486 | CF40: =[1]OUTM!$T328 -> 0 | CG40: =[1]OUTM!$U328 -> 0
A41: 1996.07 | B41: =[2]Pat!$B41/1000 -> 32.396 | C41: 1.0818195 | D41: 1 | E41: 30.712554 | F41: =IF(C$8="NIV",B41-C41,B41/C41) -> 29.945845 | G41: =D41*F41+(1-D41)*E41 -> 29.945845 | H41: =IF(H$9="",G41,(G40+2*G41+G42)/4) -> 30.501836 | I41: =LN(H41/H40) -> -0.023462847 | J41: =IF(K41="",NA(),IFERROR((H41+K41*J$8),NA())) -> #N/A | L41: =IF(H41=M41,1,IF(H41=N41,-1,"")) | M41: =MAX(H32:H50) -> 33.873722 | N41: =MIN(H32:H50) -> 27.371593 | O41: 34.924407 | P41: =H41/O41-1 -> -0.12663269 | Q41: =IF(R41="",NA(),IFERROR((H41+R41*Q$8),NA())) -> #N/A | S41: =IF(P41=T41,1,IF(P41=U41,-1,"")) | T41: =MAX(P32:P50) -> 0.001500504 | U41: =MIN(P32:P50) -> -0.23475392 | V41: =H41/H29-1 -> 0.075571239 | W41: =(H41/Y40)^W$9-1 -> 0.10117687 | X41: =(H41/Y34)^X$9-1 -> -0.037166564 | Y41: =Y40+(H41-H29)/12 -> 29.128913 | Z41: =Z$11 -> 0.068043152 | AA41: =AA$11 -> 0.26104797 | AB41: =AB$11 -> -0.12496166 | AC41: =[2]Pat!$D41/1000 -> 60.204 | AD41: 1.0792812 | AE41: 1 | AF41: 56.522985 | AG41: =IF(AD$8="NIV",AC41-AD41,AC41/AD41) -> 55.781569 | AH41: =AG41*AE41+(1-AE41)*AF41 -> 55.781569 | AI41: =IF(AI$9="",AH41,(AH40+2*AH41+AH42)/4) -> 55.852659 | AJ41: =LN(AI41/AI40) -> -0.029132352 | AK41: =IF(AL41="",NA(),IFERROR((AI41+AL41*AK$8),NA())) -> #N/A | AM41: =IF(AI41=AN41,1,IF(AI41=AO41,-1,"")) | AN41: =MAX(AI32:AI50) -> 64.286682 | AO41: =MIN(AI32:AI50) -> 49.756502 | AP41: 58.836186 | AQ41: =AI41/AP41-1 -> -0.050709045 | AR41: =IF(AS41="",NA(),IFERROR((AI41+AS41*AR$8),NA())) -> #N/A | AT41: =IF(AQ41=AU41,1,IF(AQ41=AV41,-1,"")) | AU41: =MAX(AQ32:AQ50) -> 0.061559201 | AV41: =MIN(AQ32:AQ50) -> -0.1266217 | AW41: =AI41/AI29-1 -> 0.1457347 | AX41: =(AI41/AZ40)^AX$9-1 -> 0.074847744 | AY41: =(AI41/AZ34)^AY$9-1 -> 0.117703 | AZ41: =AZ40+(AI41-AI29)/12 -> 54.303153 | BA41: =BA$11 -> 0.047029155 | BB41: =BB$11 -> 0.12857351 | BC41: =BC$11 -> -0.034515204 | CE41: =[3]OUTM!M41 -> 134.05034 | CF41: =[1]OUTM!$T329 -> 0 | CG41: =[1]OUTM!$U329 -> 0
A42: 1996.08 | B42: =[2]Pat!$B42/1000 -> 31.686 | C42: 1.0307943 | D42: 1 | E42: 30.456661 | F42: =IF(C$8="NIV",B42-C42,B42/C42) -> 30.739402 | G42: =D42*F42+(1-D42)*E42 -> 30.739402 | H42: =IF(H$9="",G42,(G41+2*G42+G43)/4) -> 30.181328 | I42: =LN(H42/H41) -> -0.010563396 | J42: =IF(K42="",NA(),IFERROR((H42+K42*J$8),NA())) -> #N/A | L42: =IF(H42=M42,1,IF(H42=N42,-1,"")) | M42: =MAX(H33:H51) -> 35.71897 | N42: =MIN(H33:H51) -> 27.371593 | O42: 34.806398 | P42: =H42/O42-1 -> -0.13287987 | Q42: =IF(R42="",NA(),IFERROR((H42+R42*Q$8),NA())) -> #N/A | S42: =IF(P42=T42,1,IF(P42=U42,-1,"")) | T42: =MAX(P33:P51) -> 0.060256019 | U42: =MIN(P33:P51) -> -0.23475392 | V42: =H42/H30-1 -> 0.08084126 | W42: =(H42/Y41)^W$9-1 -> 0.067718422 | X42: =(H42/Y35)^X$9-1 -> -0.014446924 | Y42: =Y41+(H42-H30)/12 -> 29.317031 | Z42: =Z$11 -> 0.068043152 | AA42: =AA$11 -> 0.26104797 | AB42: =AB$11 -> -0.12496166 | AC42: =[2]Pat!$D42/1000 -> 55.739 | AD42: 1.0140461 | AE42: 1 | AF42: 55.629561 | AG42: =IF(AD$8="NIV",AC42-AD42,AC42/AD42) -> 54.966931 | AH42: =AG42*AE42+(1-AE42)*AF42 -> 54.966931 | AI42: =IF(AI$9="",AH42,(AH41+2*AH42+AH43)/4) -> 55.789196 | AJ42: =LN(AI42/AI41) -> -0.0011369038 | AK42: =IF(AL42="",NA(),IFERROR((AI42+AL42*AK$8),NA())) -> #N/A | AM42: =IF(AI42=AN42,1,IF(AI42=AO42,-1,"")) | AN42: =MAX(AI33:AI51) -> 64.457663 | AO42: =MIN(AI33:AI51) -> 52.240242 | AP42: 59.039171 | AQ42: =AI42/AP42-1 -> -0.055047776 | AR42: =IF(AS42="",NA(),IFERROR((AI42+AS42*AR$8),NA())) -> #N/A | AT42: =IF(AQ42=AU42,1,IF(AQ42=AV42,-1,"")) | AU42: =MAX(AQ33:AQ51) -> 0.061559201 | AV42: =MIN(AQ33:AQ51) -> -0.10924778 | AW42: =AI42/AI30-1 -> 0.13525678 | AX42: =(AI42/AZ41)^AX$9-1 -> 0.051105378 | AY42: =(AI42/AZ35)^AY$9-1 -> 0.11186604 | AZ42: =AZ41+(AI42-AI30)/12 -> 54.857056 | BA42: =BA$11 -> 0.047029155 | BB42: =BB$11 -> 0.12857351 | BC42: =BC$11 -> -0.034515204 | CE42: =[3]OUTM!M42 -> 133.29225 | CF42: =[1]OUTM!$T330 -> 0 | CG42: =[1]OUTM!$U330 -> 0
A43: 1996.09 | B43: =[2]Pat!$B43/1000 -> 30.322 | C43: 1.0348571 | D43: 1 | E43: 30.419835 | F43: =IF(C$8="NIV",B43-C43,B43/C43) -> 29.300664 | G43: =D43*F43+(1-D43)*E43 -> 29.300664 | H43: =IF(H$9="",G43,(G42+2*G43+G44)/4) -> 29.910786 | I43: =LN(H43/H42) -> -0.0090043117 | J43: =IF(K43="",NA(),IFERROR((H43+K43*J$8),NA())) -> #N/A | L43: =IF(H43=M43,1,IF(H43=N43,-1,"")) | M43: =MAX(H34:H52) -> 36.638862 | N43: =MIN(H34:H52) -> 27.371593 | O43: 34.688168 | P43: =H43/O43-1 -> -0.13772368 | Q43: =IF(R43="",NA(),IFERROR((H43+R43*Q$8),NA())) -> #N/A | S43: =IF(P43=T43,1,IF(P43=U43,-1,"")) | T43: =MAX(P34:P52) -> 0.092030962 | U43: =MIN(P34:P52) -> -0.23475392 | V43: =H43/H31-1 -> 0.066045712 | W43: =(H43/Y42)^W$9-1 -> 0.037710061 | X43: =(H43/Y36)^X$9-1 -> 0.0048087898 | Y43: =Y42+(H43-H31)/12 -> 29.471455 | Z43: =Z$11 -> 0.068043152 | AA43: =AA$11 -> 0.26104797 | AB43: =AB$11 -> -0.12496166 | AC43: =[2]Pat!$D43/1000 -> 54.996 | AD43: 0.95742868 | AE43: 1 | AF43: 54.812492 | AG43: =IF(AD$8="NIV",AC43-AD43,AC43/AD43) -> 57.441354 | AH43: =AG43*AE43+(1-AE43)*AF43 -> 57.441354 | AI43: =IF(AI$9="",AH43,(AH42+2*AH43+AH44)/4) -> 56.07713 | AJ43: =LN(AI43/AI42) -> 0.0051478284 | AK43: =IF(AL43="",NA(),IFERROR((AI43+AL43*AK$8),NA())) -> #N/A | AM43: =IF(AI43=AN43,1,IF(AI43=AO43,-1,"")) | AN43: =MAX(AI34:AI52) -> 64.457663 | AO43: =MIN(AI34:AI52) -> 53.119687 | AP43: 59.240142 | AQ43: =AI43/AP43-1 -> -0.053393052 | AR43: =IF(AS43="",NA(),IFERROR((AI43+AS43*AR$8),NA())) -> #N/A | AT43: =IF(AQ43=AU43,1,IF(AQ43=AV43,-1,"")) | AU43: =MAX(AQ34:AQ52) -> 0.061559201 | AV43: =MIN(AQ34:AQ52) -> -0.10924778 | AW43: =AI43/AI31-1 -> 0.15618624 | AX43: =(AI43/AZ42)^AX$9-1 -> 0.041446161 | AY43: =(AI43/AZ36)^AY$9-1 -> 0.10391389 | AZ43: =AZ42+(AI43-AI31)/12 -> 55.488332 | BA43: =BA$11 -> 0.047029155 | BB43: =BB$11 -> 0.12857351 | BC43: =BC$11 -> -0.034515204 | CE43: =[3]OUTM!M43 -> 131.42564 | CF43: =[1]OUTM!$T331 -> 0 | CG43: =[1]OUTM!$U331 -> 0
A44: 1996.1 | B44: =[2]Pat!$B44/1000 -> 30.862 | C44: 1.0184667 | D44: 1 | E44: 30.630672 | F44: =IF(C$8="NIV",B44-C44,B44/C44) -> 30.302415 | G44: =D44*F44+(1-D44)*E44 -> 30.302415 | H44: =IF(H$9="",G44,(G43+2*G44+G45)/4) -> 30.473346 | I44: =LN(H44/H43) -> 0.018633254 | J44: =IF(K44="",NA(),IFERROR((H44+K44*J$8),NA())) -> #N/A | L44: =IF(H44=M44,1,IF(H44=N44,-1,"")) | M44: =MAX(H35:H53) -> 37.177402 | N44: =MIN(H35:H53) -> 27.601493 | O44: 34.569376 | P44: =H44/O44-1 -> -0.11848724 | Q44: =IF(R44="",NA(),IFERROR((H44+R44*Q$8),NA())) -> #N/A | S44: =IF(P44=T44,1,IF(P44=U44,-1,"")) | T44: =MAX(P35:P53) -> 0.11280017 | U44: =MIN(P35:P53) -> -0.22563809 | V44: =H44/H32-1 -> 0.099571215 | W44: =(H44/Y43)^W$9-1 -> 0.063661696 | X44: =(H44/Y37)^X$9-1 -> 0.042529869 | Y44: =Y43+(H44-H32)/12 -> 29.701413 | Z44: =Z$11 -> 0.068043152 | AA44: =AA$11 -> 0.26104797 | AB44: =AB$11 -> -0.12496166 | AC44: =[2]Pat!$D44/1000 -> 60.088 | AD44: 1.1033646 | AE44: 1 | AF44: 54.434424 | AG44: =IF(AD$8="NIV",AC44-AD44,AC44/AD44) -> 54.45888 | AH44: =AG44*AE44+(1-AE44)*AF44 -> 54.45888 | AI44: =IF(AI$9="",AH44,(AH43+2*AH44+AH45)/4) -> 54.48776 | AJ44: =LN(AI44/AI43) -> -0.028751963 | AK44: =IF(AL44="",NA(),IFERROR((AI44+AL44*AK$8),NA())) -> #N/A | AM44: =IF(AI44=AN44,1,IF(AI44=AO44,-1,"")) | AN44: =MAX(AI35:AI53) -> 64.457663 | AO44: =MIN(AI35:AI53) -> 53.119687 | AP44: 59.438752 | AQ44: =AI44/AP44-1 -> -0.083295682 | AR44: =IF(AS44="",NA(),IFERROR((AI44+AS44*AR$8),NA())) -> #N/A | AT44: =IF(AQ44=AU44,1,IF(AQ44=AV44,-1,"")) | AU44: =MAX(AQ35:AQ53) -> 0.061559201 | AV44: =MIN(AQ35:AQ53) -> -0.10924778 | AW44: =AI44/AI32-1 -> 0.095088243 | AX44: =(AI44/AZ43)^AX$9-1 -> -0.033035853 | AY44: =(AI44/AZ37)^AY$9-1 -> 0.060356547 | AZ44: =AZ43+(AI44-AI32)/12 -> 55.882604 | BA44: =BA$11 -> 0.047029155 | BB44: =BB$11 -> 0.12857351 | BC44: =BC$11 -> -0.034515204 | CE44: =[3]OUTM!M44 -> 132.20631 | CF44: =[1]OUTM!$T332 -> 0 | CG44: =[1]OUTM!$U332 -> 0
A45: 1996.11 | B45: =[2]Pat!$B45/1000 -> 25.002 | C45: 0.78160825 | D45: 1 | E45: 30.945688 | F45: =IF(C$8="NIV",B45-C45,B45/C45) -> 31.987892 | G45: =D45*F45+(1-D45)*E45 -> 31.987892 | H45: =IF(H$9="",G45,(G44+2*G45+G46)/4) -> 31.397739 | I45: =LN(H45/H44) -> 0.029883473 | J45: =IF(K45="",NA(),IFERROR((H45+K45*J$8),NA())) -> #N/A | L45: =IF(H45=M45,1,IF(H45=N45,-1,"")) | M45: =MAX(H36:H54) -> 37.601938 | N45: =MIN(H36:H54) -> 28.767289 | O45: 34.449655 | P45: =H45/O45-1 -> -0.0885906 | Q45: =IF(R45="",NA(),IFERROR((H45+R45*Q$8),NA())) -> #N/A | S45: =IF(P45=T45,1,IF(P45=U45,-1,"")) | T45: =MAX(P36:P54) -> 0.1304826 | U45: =MIN(P36:P54) -> -0.19014532 | V45: =H45/H33-1 -> 0.14302981 | W45: =(H45/Y44)^W$9-1 -> 0.10797907 | X45: =(H45/Y38)^X$9-1 -> 0.083009243 | Y45: =Y44+(H45-H33)/12 -> 30.028819 | Z45: =Z$11 -> 0.068043152 | AA45: =AA$11 -> 0.26104797 | AB45: =AB$11 -> -0.12496166 | AC45: =[2]Pat!$D45/1000 -> 54.829 | AD45: 1.0627438 | AE45: 1 | AF45: 54.903092 | AG45: =IF(AD$8="NIV",AC45-AD45,AC45/AD45) -> 51.591928 | AH45: =AG45*AE45+(1-AE45)*AF45 -> 51.591928 | AI45: =IF(AI$9="",AH45,(AH44+2*AH45+AH46)/4) -> 53.119687 | AJ45: =LN(AI45/AI44) -> -0.025428479 | AK45: =IF(AL45="",NA(),IFERROR((AI45+AL45*AK$8),NA())) -> #N/A | AL45: No | AM45: =IF(AI45=AN45,1,IF(AI45=AO45,-1,"")) -> -1 | AN45: =MAX(AI36:AI54) -> 64.457663 | AO45: =MIN(AI36:AI54) -> 53.119687 | AP45: 59.634639 | AQ45: =AI45/AP45-1 -> -0.10924778 | AR45: =IF(AS45="",NA(),IFERROR((AI45+AS45*AR$8),NA())) -> #N/A | AS45: No | AT45: =IF(AQ45=AU45,1,IF(AQ45=AV45,-1,"")) -> -1 | AU45: =MAX(AQ36:AQ54) -> 0.061559201 | AV45: =MIN(AQ36:AQ54) -> -0.10924778 | AW45: =AI45/AI33-1 -> 0.016834635 | AX45: =(AI45/AZ44)^AX$9-1 -> -0.089362321 | AY45: =(AI45/AZ38)^AY$9-1 -> 0.021782877 | AZ45: =AZ44+(AI45-AI33)/12 -> 55.955891 | BA45: =BA$11 -> 0.047029155 | BB45: =BB$11 -> 0.12857351 | BC45: =BC$11 -> -0.034515204 | CE45: =[3]OUTM!M45 -> 132.82463 | CF45: =[1]OUTM!$T333 -> 0 | CG45: =[1]OUTM!$U333 -> 0
A46: 1996.12 | B46: =[2]Pat!$B46/1000 -> 20.346 | C46: 0.56836025 | D46: 0 | E46: 31.312758 | F46: =IF(C$8="NIV",B46-C46,B46/C46) -> 35.797718 | G46: =D46*F46+(1-D46)*E46 -> 31.312758 | H46: =IF(H$9="",G46,(G45+2*G46+G47)/4) -> 31.565612 | I46: =LN(H46/H45) -> 0.0053324259 | J46: =IF(K46="",NA(),IFERROR((H46+K46*J$8),NA())) -> #N/A | L46: =IF(H46=M46,1,IF(H46=N46,-1,"")) | M46: =MAX(H37:H55) -> 37.870659 | N46: =MIN(H37:H55) -> 29.910786 | O46: 34.328614 | P46: =H46/O46-1 -> -0.080486845 | Q46: =IF(R46="",NA(),IFERROR((H46+R46*Q$8),NA())) -> #N/A | S46: =IF(P46=T46,1,IF(P46=U46,-1,"")) | T46: =MAX(P37:P55) -> 0.14379594 | U46: =MIN(P37:P55) -> -0.14921252 | V46: =H46/H34-1 -> 0.15322525 | W46: =(H46/Y45)^W$9-1 -> 0.096521551 | X46: =(H46/Y39)^X$9-1 -> 0.089939485 | Y46: =Y45+(H46-H34)/12 -> 30.37832 | Z46: =Z$11 -> 0.068043152 | AA46: =AA$11 -> 0.26104797 | AB46: =AB$11 -> -0.12496166 | AC46: =[2]Pat!$D46/1000 -> 58.966 | AD46: 1.0753152 | AE46: 1 | AF46: 56.304041 | AG46: =IF(AD$8="NIV",AC46-AD46,AC46/AD46) -> 54.836014 | AH46: =AG46*AE46+(1-AE46)*AF46 -> 54.836014 | AI46: =IF(AI$9="",AH46,(AH45+2*AH46+AH47)/4) -> 55.430093 | AJ46: =LN(AI46/AI45) -> 0.042575018 | AK46: =IF(AL46="",NA(),IFERROR((AI46+AL46*AK$8),NA())) -> #N/A | AM46: =IF(AI46=AN46,1,IF(AI46=AO46,-1,"")) | AN46: =MAX(AI37:AI55) -> 66.959589 | AO46: =MIN(AI37:AI55) -> 53.119687 | AP46: 59.827416 | AQ46: =AI46/AP46-1 -> -0.073500136 | AR46: =IF(AS46="",NA(),IFERROR((AI46+AS46*AR$8),NA())) -> #N/A | AT46: =IF(AQ46=AU46,1,IF(AQ46=AV46,-1,"")) | AU46: =MAX(AQ37:AQ55) -> 0.091416551 | AV46: =MIN(AQ37:AQ55) -> -0.10924778 | AW46: =AI46/AI34-1 -> 0.037671506 | AX46: =(AI46/AZ45)^AX$9-1 -> -0.017278676 | AY46: =(AI46/AZ39)^AY$9-1 -> 0.046898378 | AZ46: =AZ45+(AI46-AI34)/12 -> 56.123585 | BA46: =BA$11 -> 0.047029155 | BB46: =BB$11 -> 0.12857351 | BC46: =BC$11 -> -0.034515204 | CE46: =[3]OUTM!M46 -> 132.58568 | CF46: =[1]OUTM!$T334 -> 0 | CG46: =[1]OUTM!$U334 -> 0
A47: 1997.01 | B47: =[2]Pat!$B47/1000 -> 55.725 | C47: 1.7607168 | D47: 1 | E47: 31.724807 | F47: =IF(C$8="NIV",B47-C47,B47/C47) -> 31.649042 | G47: =D47*F47+(1-D47)*E47 -> 31.649042 | H47: =IF(H$9="",G47,(G46+2*G47+G48)/4) -> 31.559012 | I47: =LN(H47/H46) -> -0.00020912467 | J47: =IF(K47="",NA(),IFERROR((H47+K47*J$8),NA())) -> #N/A | L47: =IF(H47=M47,1,IF(H47=N47,-1,"")) | M47: =MAX(H38:H56) -> 37.870659 | N47: =MIN(H38:H56) -> 29.910786 | O47: 34.205851 | P47: =H47/O47-1 -> -0.077379716 | Q47: =IF(R47="",NA(),IFERROR((H47+R47*Q$8),NA())) -> #N/A | S47: =IF(P47=T47,1,IF(P47=U47,-1,"")) | T47: =MAX(P38:P56) -> 0.14465556 | U47: =MIN(P38:P56) -> -0.13772368 | V47: =H47/H35-1 -> 0.14338061 | W47: =(H47/Y46)^W$9-1 -> 0.072930615 | X47: =(H47/Y40)^X$9-1 -> 0.086353595 | Y47: =Y46+(H47-H35)/12 -> 30.708114 | Z47: =Z$11 -> 0.068043152 | AA47: =AA$11 -> 0.26104797 | AB47: =AB$11 -> -0.12496166 | AC47: =[2]Pat!$D47/1000 -> 66.716 | AD47: 1.1035388 | AE47: 1 | AF47: 58.33415 | AG47: =IF(AD$8="NIV",AC47-AD47,AC47/AD47) -> 60.456416 | AH47: =AG47*AE47+(1-AE47)*AF47 -> 60.456416 | AI47: =IF(AI$9="",AH47,(AH46+2*AH47+AH48)/4) -> 58.815814 | AJ47: =LN(AI47/AI46) -> 0.059288123 | AK47: =IF(AL47="",NA(),IFERROR((AI47+AL47*AK$8),NA())) -> #N/A | AM47: =IF(AI47=AN47,1,IF(AI47=AO47,-1,"")) | AN47: =MAX(AI38:AI56) -> 71.307613 | AO47: =MIN(AI38:AI56) -> 53.119687 | AP47: 60.01666 | AQ47: =AI47/AP47-1 -> -0.020008556 | AR47: =IF(AS47="",NA(),IFERROR((AI47+AS47*AR$8),NA())) -> #N/A | AT47: =IF(AQ47=AU47,1,IF(AQ47=AV47,-1,"")) | AU47: =MAX(AQ38:AQ56) -> 0.15967284 | AV47: =MIN(AQ38:AQ56) -> -0.10924778 | AW47: =AI47/AI35-1 -> 0.066382629 | AX47: =(AI47/AZ46)^AX$9-1 -> 0.090352289 | AY47: =(AI47/AZ40)^AY$9-1 -> 0.091070111 | AZ47: =AZ46+(AI47-AI35)/12 -> 56.428694 | BA47: =BA$11 -> 0.047029155 | BB47: =BB$11 -> 0.12857351 | BC47: =BC$11 -> -0.034515204 | CE47: =[3]OUTM!M47 -> 133.25908 | CF47: =[1]OUTM!$T335 -> 0 | CG47: =[1]OUTM!$U335 -> 0
A48: 1997.02 | B48: =[2]Pat!$B48/1000 -> 29.76 | C48: 0.94102157 | D48: 1 | E48: 32.276522 | F48: =IF(C$8="NIV",B48-C48,B48/C48) -> 31.625205 | G48: =D48*F48+(1-D48)*E48 -> 31.625205 | H48: =IF(H$9="",G48,(G47+2*G48+G49)/4) -> 31.929278 | I48: =LN(H48/H47) -> 0.011664221 | J48: =IF(K48="",NA(),IFERROR((H48+K48*J$8),NA())) -> #N/A | L48: =IF(H48=M48,1,IF(H48=N48,-1,"")) | M48: =MAX(H39:H57) -> 37.870659 | N48: =MIN(H39:H57) -> 29.910786 | O48: 34.080946 | P48: =H48/O48-1 -> -0.063134035 | Q48: =IF(R48="",NA(),IFERROR((H48+R48*Q$8),NA())) -> #N/A | S48: =IF(P48=T48,1,IF(P48=U48,-1,"")) | T48: =MAX(P39:P57) -> 0.14465556 | U48: =MIN(P39:P57) -> -0.13772368 | V48: =H48/H36-1 -> 0.10991613 | W48: =(H48/Y47)^W$9-1 -> 0.074648393 | X48: =(H48/Y41)^X$9-1 -> 0.092119659 | Y48: =Y47+(H48-H36)/12 -> 30.971613 | Z48: =Z$11 -> 0.068043152 | AA48: =AA$11 -> 0.26104797 | AB48: =AB$11 -> -0.12496166 | AC48: =[2]Pat!$D48/1000 -> 55.374 | AD48: 0.93043013 | AE48: 1 | AF48: 60.666507 | AG48: =IF(AD$8="NIV",AC48-AD48,AC48/AD48) -> 59.51441 | AH48: =AG48*AE48+(1-AE48)*AF48 -> 59.51441 | AI48: =IF(AI$9="",AH48,(AH47+2*AH48+AH49)/4) -> 61.210195 | AJ48: =LN(AI48/AI47) -> 0.039902997 | AK48: =IF(AL48="",NA(),IFERROR((AI48+AL48*AK$8),NA())) -> #N/A | AM48: =IF(AI48=AN48,1,IF(AI48=AO48,-1,"")) | AN48: =MAX(AI39:AI57) -> 71.307613 | AO48: =MIN(AI39:AI57) -> 53.119687 | AP48: 60.201928 | AQ48: =AI48/AP48-1 -> 0.016748082 | AR48: =IF(AS48="",NA(),IFERROR((AI48+AS48*AR$8),NA())) -> #N/A | AT48: =IF(AQ48=AU48,1,IF(AQ48=AV48,-1,"")) | AU48: =MAX(AQ39:AQ57) -> 0.15967284 | AV48: =MIN(AQ39:AQ57) -> -0.10924778 | AW48: =AI48/AI36-1 -> 0.064814946 | AX48: =(AI48/AZ47)^AX$9-1 -> 0.16201867 | AY48: =(AI48/AZ41)^AY$9-1 -> 0.1218086 | AZ48: =AZ47+(AI48-AI36)/12 -> 56.739181 | BA48: =BA$11 -> 0.047029155 | BB48: =BB$11 -> 0.12857351 | BC48: =BC$11 -> -0.034515204 | CE48: =[3]OUTM!M48 -> 133.51586 | CF48: =[1]OUTM!$T336 -> 0 | CG48: =[1]OUTM!$U336 -> 0
A49: 1997.03 | B49: =[2]Pat!$B49/1000 -> 29.43 | C49: 0.89677324 | D49: 1 | E49: 33.069823 | F49: =IF(C$8="NIV",B49-C49,B49/C49) -> 32.817661 | G49: =D49*F49+(1-D49)*E49 -> 32.817661 | H49: =IF(H$9="",G49,(G48+2*G49+G50)/4) -> 32.523943 | I49: =LN(H49/H48) -> 0.018453108 | J49: =IF(K49="",NA(),IFERROR((H49+K49*J$8),NA())) -> #N/A | L49: =IF(H49=M49,1,IF(H49=N49,-1,"")) | M49: =MAX(H40:H58) -> 39.020371 | N49: =MIN(H40:H58) -> 29.910786 | O49: 33.953467 | P49: =H49/O49-1 -> -0.04210246 | Q49: =IF(R49="",NA(),IFERROR((H49+R49*Q$8),NA())) -> #N/A | S49: =IF(P49=T49,1,IF(P49=U49,-1,"")) | T49: =MAX(P40:P58) -> 0.19627805 | U49: =MIN(P40:P58) -> -0.13772368 | V49: =H49/H37-1 -> 0.079879628 | W49: =(H49/Y48)^W$9-1 -> 0.09448833 | X49: =(H49/Y42)^X$9-1 -> 0.10479036 | Y49: =Y48+(H49-H37)/12 -> 31.172098 | Z49: =Z$11 -> 0.068043152 | AA49: =AA$11 -> 0.26104797 | AB49: =AB$11 -> -0.12496166 | AC49: =[2]Pat!$D49/1000 -> 54.519 | AD49: 0.8341909 | AE49: 1 | AF49: 62.691604 | AG49: =IF(AD$8="NIV",AC49-AD49,AC49/AD49) -> 65.355544 | AH49: =AG49*AE49+(1-AE49)*AF49 -> 65.355544 | AI49: =IF(AI$9="",AH49,(AH48+2*AH49+AH50)/4) -> 63.387939 | AJ49: =LN(AI49/AI48) -> 0.034959854 | AK49: =IF(AL49="",NA(),IFERROR((AI49+AL49*AK$8),NA())) -> #N/A | AM49: =IF(AI49=AN49,1,IF(AI49=AO49,-1,"")) | AN49: =MAX(AI40:AI58) -> 71.307613 | AO49: =MIN(AI40:AI58) -> 53.119687 | AP49: 60.382768 | AQ49: =AI49/AP49-1 -> 0.049768694 | AR49: =IF(AS49="",NA(),IFERROR((AI49+AS49*AR$8),NA())) -> #N/A | AT49: =IF(AQ49=AU49,1,IF(AQ49=AV49,-1,"")) | AU49: =MAX(AQ40:AQ58) -> 0.15967284 | AV49: =MIN(AQ40:AQ58) -> -0.10924778 | AW49: =AI49/AI37-1 -> 0.10808976 | AX49: =(AI49/AZ48)^AX$9-1 -> 0.22699705 | AY49: =(AI49/AZ42)^AY$9-1 -> 0.14884958 | AZ49: =AZ48+(AI49-AI37)/12 -> 57.254451 | BA49: =BA$11 -> 0.047029155 | BB49: =BB$11 -> 0.12857351 | BC49: =BC$11 -> -0.034515204 | CE49: =[3]OUTM!M49 -> 134.37559 | CF49: =[1]OUTM!$T337 -> 0 | CG49: =[1]OUTM!$U337 -> 0
A50: 1997.04 | B50: =[2]Pat!$B50/1000 -> 34.734 | C50: 1.0578268 | D50: 1 | E50: 34.072793 | F50: =IF(C$8="NIV",B50-C50,B50/C50) -> 32.835244 | G50: =D50*F50+(1-D50)*E50 -> 32.835244 | H50: =IF(H$9="",G50,(G49+2*G50+G51)/4) -> 33.873722 | I50: =LN(H50/H49) -> 0.040663036 | J50: =IF(K50="",NA(),IFERROR((H50+K50*J$8),NA())) -> #N/A | L50: =IF(H50=M50,1,IF(H50=N50,-1,"")) | M50: =MAX(H41:H59) -> 41.440283 | N50: =MIN(H41:H59) -> 29.910786 | O50: 33.82297 | P50: =H50/O50-1 -> 0.001500504 | Q50: =IF(R50="",NA(),IFERROR((H50+R50*Q$8),NA())) -> #N/A | S50: =IF(P50=T50,1,IF(P50=U50,-1,"")) | T50: =MAX(P41:P59) -> 0.27738106 | U50: =MIN(P41:P59) -> -0.13772368 | V50: =H50/H38-1 -> 0.088816388 | W50: =(H50/Y49)^W$9-1 -> 0.16584389 | X50: =(H50/Y43)^X$9-1 -> 0.14299121 | Y50: =Y49+(H50-H38)/12 -> 31.402359 | Z50: =Z$11 -> 0.068043152 | AA50: =AA$11 -> 0.26104797 | AB50: =AB$11 -> -0.12496166 | AC50: =[2]Pat!$D50/1000 -> 65.287 | AD50: 1.0309625 | AE50: 1 | AF50: 63.784305 | AG50: =IF(AD$8="NIV",AC50-AD50,AC50/AD50) -> 63.32626 | AH50: =AG50*AE50+(1-AE50)*AF50 -> 63.32626 | AI50: =IF(AI$9="",AH50,(AH49+2*AH50+AH51)/4) -> 64.286682 | AJ50: =LN(AI50/AI49) -> 0.01407887 | AK50: =IF(AL50="",NA(),IFERROR((AI50+AL50*AK$8),NA())) -> #N/A | AM50: =IF(AI50=AN50,1,IF(AI50=AO50,-1,"")) | AN50: =MAX(AI41:AI59) -> 71.307613 | AO50: =MIN(AI41:AI59) -> 53.119687 | AP50: 60.558734 | AQ50: =AI50/AP50-1 -> 0.061559201 | AR50: =IF(AS50="",NA(),IFERROR((AI50+AS50*AR$8),NA())) -> #N/A | AT50: =IF(AQ50=AU50,1,IF(AQ50=AV50,-1,"")) | AU50: =MAX(AQ41:AQ59) -> 0.15967284 | AV50: =MIN(AQ41:AQ59) -> -0.10924778 | AW50: =AI50/AI38-1 -> 0.12647618 | AX50: =(AI50/AZ49)^AX$9-1 -> 0.23846358 | AY50: =(AI50/AZ43)^AY$9-1 -> 0.15176151 | AZ50: =AZ49+(AI50-AI38)/12 -> 57.855938 | BA50: =BA$11 -> 0.047029155 | BB50: =BB$11 -> 0.12857351 | BC50: =BC$11 -> -0.034515204 | CE50: =[3]OUTM!M50 -> 137.83428 | CF50: =[1]OUTM!$T338 -> 0 | CG50: =[1]OUTM!$U338 -> 0
A51: 1997.05 | B51: =[2]Pat!$B51/1000 -> 35.477 | C51: 0.95866321 | D51: 1 | E51: 35.26468 | F51: =IF(C$8="NIV",B51-C51,B51/C51) -> 37.00674 | G51: =D51*F51+(1-D51)*E51 -> 37.00674 | H51: =IF(H$9="",G51,(G50+2*G51+G52)/4) -> 35.71897 | I51: =LN(H51/H50) -> 0.05304238 | J51: =IF(K51="",NA(),IFERROR((H51+K51*J$8),NA())) -> #N/A | L51: =IF(H51=M51,1,IF(H51=N51,-1,"")) | M51: =MAX(H42:H60) -> 42.718694 | N51: =MIN(H42:H60) -> 29.910786 | O51: 33.689005 | P51: =H51/O51-1 -> 0.060256019 | Q51: =IF(R51="",NA(),IFERROR((H51+R51*Q$8),NA())) -> #N/A | S51: =IF(P51=T51,1,IF(P51=U51,-1,"")) | T51: =MAX(P42:P60) -> 0.32427367 | U51: =MIN(P42:P60) -> -0.13772368 | V51: =H51/H39-1 -> 0.12728821 | W51: =(H51/Y50)^W$9-1 -> 0.26843341 | X51: =(H51/Y44)^X$9-1 -> 0.19375978 | Y51: =Y50+(H51-H39)/12 -> 31.738461 | Z51: =Z$11 -> 0.068043152 | AA51: =AA$11 -> 0.26104797 | AB51: =AB$11 -> -0.12496166 | AC51: =[2]Pat!$D51/1000 -> 62.037 | AD51: 0.95238368 | AE51: 1 | AF51: 64.004594 | AG51: =IF(AD$8="NIV",AC51-AD51,AC51/AD51) -> 65.138663 | AH51: =AG51*AE51+(1-AE51)*AF51 -> 65.138663 | AI51: =IF(AI$9="",AH51,(AH50+2*AH51+AH52)/4) -> 64.457663 | AJ51: =LN(AI51/AI50) -> 0.0026561395 | AK51: =IF(AL51="",NA(),IFERROR((AI51+AL51*AK$8),NA())) -> #N/A | AM51: =IF(AI51=AN51,1,IF(AI51=AO51,-1,"")) | AN51: =MAX(AI42:AI60) -> 71.307613 | AO51: =MIN(AI42:AI60) -> 53.119687 | AP51: 60.729398 | AQ51: =AI51/AP51-1 -> 0.061391443 | AR51: =IF(AS51="",NA(),IFERROR((AI51+AS51*AR$8),NA())) -> #N/A | AT51: =IF(AQ51=AU51,1,IF(AQ51=AV51,-1,"")) | AU51: =MAX(AQ42:AQ60) -> 0.15967284 | AV51: =MIN(AQ42:AQ60) -> -0.10924778 | AW51: =AI51/AI39-1 -> 0.10542327 | AX51: =(AI51/AZ50)^AX$9-1 -> 0.22076973 | AY51: =(AI51/AZ44)^AY$9-1 -> 0.14688006 | AZ51: =AZ50+(AI51-AI39)/12 -> 58.368211 | BA51: =BA$11 -> 0.047029155 | BB51: =BB$11 -> 0.12857351 | BC51: =BC$11 -> -0.034515204 | CE51: =[3]OUTM!M51 -> 138.73947 | CF51: =[1]OUTM!$T339 -> 0 | CG51: =[1]OUTM!$U339 -> 0
A52: 1997.06 | B52: =[2]Pat!$B52/1000 -> 32.074 | C52: 0.89027283 | D52: 1 | E52: 36.359114 | F52: =IF(C$8="NIV",B52-C52,B52/C52) -> 36.027158 | G52: =D52*F52+(1-D52)*E52 -> 36.027158 | H52: =IF(H$9="",G52,(G51+2*G52+G53)/4) -> 36.638862 | I52: =LN(H52/H51) -> 0.025427546 | J52: =IF(K52="",NA(),IFERROR((H52+K52*J$8),NA())) -> #N/A | L52: =IF(H52=M52,1,IF(H52=N52,-1,"")) | M52: =MAX(H43:H61) -> 43.148237 | N52: =MIN(H43:H61) -> 29.910786 | O52: 33.55112 | P52: =H52/O52-1 -> 0.092030962 | Q52: =IF(R52="",NA(),IFERROR((H52+R52*Q$8),NA())) -> #N/A | S52: =IF(P52=T52,1,IF(P52=U52,-1,"")) | T52: =MAX(P43:P61) -> 0.34553391 | U52: =MIN(P43:P61) -> -0.13772368 | V52: =H52/H40-1 -> 0.17334631 | W52: =(H52/Y51)^W$9-1 -> 0.30352383 | X52: =(H52/Y45)^X$9-1 -> 0.21045201 | Y52: =Y51+(H52-H40)/12 -> 32.189536 | Z52: =Z$11 -> 0.068043152 | AA52: =AA$11 -> 0.26104797 | AB52: =AB$11 -> -0.12496166 | AC52: =[2]Pat!$D52/1000 -> 54.376 | AD52: 0.84662127 | AE52: 1 | AF52: 64.067235 | AG52: =IF(AD$8="NIV",AC52-AD52,AC52/AD52) -> 64.227066 | AH52: =AG52*AE52+(1-AE52)*AF52 -> 64.227066 | AI52: =IF(AI$9="",AH52,(AH51+2*AH52+AH53)/4) -> 64.350701 | AJ52: =LN(AI52/AI51) -> -0.0016607911 | AK52: =IF(AL52="",NA(),IFERROR((AI52+AL52*AK$8),NA())) -> #N/A | AM52: =IF(AI52=AN52,1,IF(AI52=AO52,-1,"")) | AN52: =MAX(AI43:AI61) -> 71.307613 | AO52: =MIN(AI43:AI61) -> 53.119687 | AP52: 60.894347 | AQ52: =AI52/AP52-1 -> 0.056759851 | AR52: =IF(AS52="",NA(),IFERROR((AI52+AS52*AR$8),NA())) -> #N/A | AT52: =IF(AQ52=AU52,1,IF(AQ52=AV52,-1,"")) | AU52: =MAX(AQ43:AQ61) -> 0.15967284 | AV52: =MIN(AQ43:AQ61) -> -0.10924778 | AW52: =AI52/AI40-1 -> 0.1190704 | AX52: =(AI52/AZ51)^AX$9-1 -> 0.19738629 | AY52: =(AI52/AZ45)^AY$9-1 -> 0.14361322 | AZ52: =AZ51+(AI52-AI40)/12 -> 58.938793 | BA52: =BA$11 -> 0.047029155 | BB52: =BB$11 -> 0.12857351 | BC52: =BC$11 -> -0.034515204 | CE52: =[3]OUTM!M52 -> 137.66174 | CF52: =[1]OUTM!$T340 -> 0 | CG52: =[1]OUTM!$U340 -> 0
A53: 1997.07 | B53: =[2]Pat!$B53/1000 -> 40.458 | C53: 1.0790414 | D53: 1 | E53: 37.087348 | F53: =IF(C$8="NIV",B53-C53,B53/C53) -> 37.494391 | G53: =D53*F53+(1-D53)*E53 -> 37.494391 | H53: =IF(H$9="",G53,(G52+2*G53+G54)/4) -> 37.177402 | I53: =LN(H53/H52) -> 0.014591627 | J53: =IF(K53="",NA(),IFERROR((H53+K53*J$8),NA())) -> #N/A | L53: =IF(H53=M53,1,IF(H53=N53,-1,"")) | M53: =MAX(H44:H62) -> 43.639861 | N53: =MIN(H44:H62) -> 30.473346 | O53: 33.408875 | P53: =H53/O53-1 -> 0.11280017 | Q53: =IF(R53="",NA(),IFERROR((H53+R53*Q$8),NA())) -> #N/A | S53: =IF(P53=T53,1,IF(P53=U53,-1,"")) | T53: =MAX(P44:P62) -> 0.36930699 | U53: =MIN(P44:P62) -> -0.11848724 | V53: =H53/H41-1 -> 0.21885786 | W53: =(H53/Y52)^W$9-1 -> 0.30467805 | X53: =(H53/Y46)^X$9-1 -> 0.2139664 | Y53: =Y52+(H53-H41)/12 -> 32.745833 | Z53: =Z$11 -> 0.068043152 | AA53: =AA$11 -> 0.26104797 | AB53: =AB$11 -> -0.12496166 | AC53: =[2]Pat!$D53/1000 -> 68.994 | AD53: 1.081241 | AE53: 1 | AF53: 64.56214 | AG53: =IF(AD$8="NIV",AC53-AD53,AC53/AD53) -> 63.81001 | AH53: =AG53*AE53+(1-AE53)*AF53 -> 63.81001 | AI53: =IF(AI$9="",AH53,(AH52+2*AH53+AH54)/4) -> 63.481682 | AJ53: =LN(AI53/AI52) -> -0.013596434 | AK53: =IF(AL53="",NA(),IFERROR((AI53+AL53*AK$8),NA())) -> #N/A | AM53: =IF(AI53=AN53,1,IF(AI53=AO53,-1,"")) | AN53: =MAX(AI44:AI62) -> 71.307613 | AO53: =MIN(AI44:AI62) -> 53.119687 | AP53: 61.053191 | AQ53: =AI53/AP53-1 -> 0.039776639 | AR53: =IF(AS53="",NA(),IFERROR((AI53+AS53*AR$8),NA())) -> #N/A | AT53: =IF(AQ53=AU53,1,IF(AQ53=AV53,-1,"")) | AU53: =MAX(AQ44:AQ62) -> 0.15967284 | AV53: =MIN(AQ44:AQ62) -> -0.10924778 | AW53: =AI53/AI41-1 -> 0.13659194 | AX53: =(AI53/AZ52)^AX$9-1 -> 0.14692037 | AY53: =(AI53/AZ46)^AY$9-1 -> 0.1255451 | AZ53: =AZ52+(AI53-AI41)/12 -> 59.574545 | BA53: =BA$11 -> 0.047029155 | BB53: =BB$11 -> 0.12857351 | BC53: =BC$11 -> -0.034515204 | CE53: =[3]OUTM!M53 -> 138.65488 | CF53: =[1]OUTM!$T341 -> 0 | CG53: =[1]OUTM!$U341 -> 0
A54: 1997.08 | B54: =[2]Pat!$B54/1000 -> 37.904 | C54: 1.00558 | D54: 1 | E54: 37.392647 | F54: =IF(C$8="NIV",B54-C54,B54/C54) -> 37.693668 | G54: =D54*F54+(1-D54)*E54 -> 37.693668 | H54: =IF(H$9="",G54,(G53+2*G54+G55)/4) -> 37.601938 | I54: =LN(H54/H53) -> 0.011354499 | J54: =IF(K54="",NA(),IFERROR((H54+K54*J$8),NA())) -> #N/A | L54: =IF(H54=M54,1,IF(H54=N54,-1,"")) | M54: =MAX(H45:H63) -> 43.639861 | N54: =MIN(H45:H63) -> 31.397739 | O54: 33.261846 | P54: =H54/O54-1 -> 0.1304826 | Q54: =IF(R54="",NA(),IFERROR((H54+R54*Q$8),NA())) -> #N/A | S54: =IF(P54=T54,1,IF(P54=U54,-1,"")) | T54: =MAX(P45:P63) -> 0.37386995 | U54: =MIN(P45:P63) -> -0.0885906 | V54: =H54/H42-1 -> 0.24586757 | W54: =(H54/Y53)^W$9-1 -> 0.29083064 | X54: =(H54/Y47)^X$9-1 -> 0.21461547 | Y54: =Y53+(H54-H42)/12 -> 33.364218 | Z54: =Z$11 -> 0.068043152 | AA54: =AA$11 -> 0.26104797 | AB54: =AB$11 -> -0.12496166 | AC54: =[2]Pat!$D54/1000 -> 62.771 | AD54: 1.0111366 | AE54: 1 | AF54: 65.673021 | AG54: =IF(AD$8="NIV",AC54-AD54,AC54/AD54) -> 62.079643 | AH54: =AG54*AE54+(1-AE54)*AF54 -> 62.079643 | AI54: =IF(AI$9="",AH54,(AH53+2*AH54+AH55)/4) -> 63.438874 | AJ54: =LN(AI54/AI53) -> -0.00067456217 | AK54: =IF(AL54="",NA(),IFERROR((AI54+AL54*AK$8),NA())) -> #N/A | AM54: =IF(AI54=AN54,1,IF(AI54=AO54,-1,"")) | AN54: =MAX(AI45:AI63) -> 71.307613 | AO54: =MIN(AI45:AI63) -> 53.119687 | AP54: 61.205557 | AQ54: =AI54/AP54-1 -> 0.036488793 | AR54: =IF(AS54="",NA(),IFERROR((AI54+AS54*AR$8),NA())) -> #N/A | AT54: =IF(AQ54=AU54,1,IF(AQ54=AV54,-1,"")) | AU54: =MAX(AQ45:AQ63) -> 0.15967284 | AV54: =MIN(AQ45:AQ63) -> -0.10924778 | AW54: =AI54/AI42-1 -> 0.13711755 | AX54: =(AI54/AZ53)^AX$9-1 -> 0.1230272 | AY54: =(AI54/AZ47)^AY$9-1 -> 0.11897724 | AZ54: =AZ53+(AI54-AI42)/12 -> 60.212018 | BA54: =BA$11 -> 0.047029155 | BB54: =BB$11 -> 0.12857351 | BC54: =BC$11 -> -0.034515204 | CE54: =[3]OUTM!M54 -> 140.65889 | CF54: =[1]OUTM!$T342 -> 0 | CG54: =[1]OUTM!$U342 -> 0
A55: 1997.09 | B55: =[2]Pat!$B55/1000 -> 40.726 | C55: 1.0852734 | D55: 1 | E55: 37.545841 | F55: =IF(C$8="NIV",B55-C55,B55/C55) -> 37.526027 | G55: =D55*F55+(1-D55)*E55 -> 37.526027 | H55: =IF(H$9="",G55,(G54+2*G55+G56)/4) -> 37.870659 | I55: =LN(H55/H54) -> 0.0071210337 | J55: =IF(K55="",NA(),IFERROR((H55+K55*J$8),NA())) -> #N/A | L55: =IF(H55=M55,1,IF(H55=N55,-1,"")) | M55: =MAX(H46:H64) -> 43.639861 | N55: =MIN(H46:H64) -> 31.559012 | O55: 33.109628 | P55: =H55/O55-1 -> 0.14379594 | Q55: =IF(R55="",NA(),IFERROR((H55+R55*Q$8),NA())) -> #N/A | S55: =IF(P55=T55,1,IF(P55=U55,-1,"")) | T55: =MAX(P46:P64) -> 0.37386995 | U55: =MIN(P46:P64) -> -0.080486845 | V55: =H55/H43-1 -> 0.26612047 | W55: =(H55/Y54)^W$9-1 -> 0.26351068 | X55: =(H55/Y48)^X$9-1 -> 0.2129572 | Y55: =Y54+(H55-H43)/12 -> 34.02754 | Z55: =Z$11 -> 0.068043152 | AA55: =AA$11 -> 0.26104797 | AB55: =AB$11 -> -0.12496166 | AC55: =[2]Pat!$D55/1000 -> 72.994 | AD55: 1.109564 | AE55: 1 | AF55: 67.24296 | AG55: =IF(AD$8="NIV",AC55-AD55,AC55/AD55) -> 65.786201 | AH55: =AG55*AE55+(1-AE55)*AF55 -> 65.786201 | AI55: =IF(AI$9="",AH55,(AH54+2*AH55+AH56)/4) -> 66.959589 | AJ55: =LN(AI55/AI54) -> 0.054012452 | AK55: =IF(AL55="",NA(),IFERROR((AI55+AL55*AK$8),NA())) -> #N/A | AM55: =IF(AI55=AN55,1,IF(AI55=AO55,-1,"")) | AN55: =MAX(AI46:AI64) -> 71.307613 | AO55: =MIN(AI46:AI64) -> 55.430093 | AP55: 61.351084 | AQ55: =AI55/AP55-1 -> 0.091416551 | AR55: =IF(AS55="",NA(),IFERROR((AI55+AS55*AR$8),NA())) -> #N/A | AT55: =IF(AQ55=AU55,1,IF(AQ55=AV55,-1,"")) | AU55: =MAX(AQ46:AQ64) -> 0.15967284 | AV55: =MIN(AQ46:AQ64) -> -0.073500136 | AW55: =AI55/AI43-1 -> 0.19406234 | AX55: =(AI55/AZ54)^AX$9-1 -> 0.21664065 | AY55: =(AI55/AZ48)^AY$9-1 -> 0.17233715 | AZ55: =AZ54+(AI55-AI43)/12 -> 61.11889 | BA55: =BA$11 -> 0.047029155 | BB55: =BB$11 -> 0.12857351 | BC55: =BC$11 -> -0.034515204 | CE55: =[3]OUTM!M55 -> 143.03505 | CF55: =[1]OUTM!$T343 -> 0 | CG55: =[1]OUTM!$U343 -> 0
A56: 1997.1 | B56: =[2]Pat!$B56/1000 -> 39.673 | C56: 1.0241653 | D56: 1 | E56: 37.81711 | F56: =IF(C$8="NIV",B56-C56,B56/C56) -> 38.736912 | G56: =D56*F56+(1-D56)*E56 -> 38.736912 | H56: =IF(H$9="",G56,(G55+2*G56+G57)/4) -> 37.718507 | I56: =LN(H56/H55) -> -0.0040257644 | J56: =IF(K56="",NA(),IFERROR((H56+K56*J$8),NA())) -> #N/A | L56: =IF(H56=M56,1,IF(H56=N56,-1,"")) | M56: =MAX(H47:H65) -> 43.639861 | N56: =MIN(H47:H65) -> 31.559012 | O56: 32.95184 | P56: =H56/O56-1 -> 0.14465556 | Q56: =IF(R56="",NA(),IFERROR((H56+R56*Q$8),NA())) -> #N/A | S56: =IF(P56=T56,1,IF(P56=U56,-1,"")) | T56: =MAX(P47:P65) -> 0.37386995 | U56: =MIN(P47:P65) -> -0.077379716 | V56: =H56/H44-1 -> 0.23775401 | W56: =(H56/Y55)^W$9-1 -> 0.20939248 | X56: =(H56/Y49)^X$9-1 -> 0.20081725 | Y56: =Y55+(H56-H44)/12 -> 34.631304 | Z56: =Z$11 -> 0.068043152 | AA56: =AA$11 -> 0.26104797 | AB56: =AB$11 -> -0.12496166 | AC56: =[2]Pat!$D56/1000 -> 79.858 | AD56: 1.076452 | AE56: 1 | AF56: 68.930323 | AG56: =IF(AD$8="NIV",AC56-AD56,AC56/AD56) -> 74.186311 | AH56: =AG56*AE56+(1-AE56)*AF56 -> 74.186311 | AI56: =IF(AI$9="",AH56,(AH55+2*AH56+AH57)/4) -> 71.307613 | AJ56: =LN(AI56/AI55) -> 0.062913818 | AK56: =IF(AL56="",NA(),IFERROR((AI56+AL56*AK$8),NA())) -> 76.307613 | AL56: 1 | AM56: =IF(AI56=AN56,1,IF(AI56=AO56,-1,"")) -> 1 | AN56: =MAX(AI47:AI65) -> 71.307613 | AO56: =MIN(AI47:AI65) -> 58.815814 | AP56: 61.489423 | AQ56: =AI56/AP56-1 -> 0.15967284 | AR56: =IF(AS56="",NA(),IFERROR((AI56+AS56*AR$8),NA())) -> 76.307613 | AS56: 1 | AT56: =IF(AQ56=AU56,1,IF(AQ56=AV56,-1,"")) -> 1 | AU56: =MAX(AQ47:AQ65) -> 0.15967284 | AV56: =MIN(AQ47:AQ65) -> -0.020008556 | AW56: =AI56/AI44-1 -> 0.30869048 | AX56: =(AI56/AZ55)^AX$9-1 -> 0.3292886 | AY56: =(AI56/AZ49)^AY$9-1 -> 0.23456393 | AZ56: =AZ55+(AI56-AI44)/12 -> 62.520544 | BA56: =BA$11 -> 0.047029155 | BB56: =BB$11 -> 0.12857351 | BC56: =BC$11 -> -0.034515204 | CE56: =[3]OUTM!M56 -> 143.76367 | CF56: =[1]OUTM!$T344 -> 0 | CG56: =[1]OUTM!$U344 -> 0
A57: 1997.11 | B57: =[2]Pat!$B57/1000 -> 27.45 | C57: 0.7806566 | D57: 0.78478522 | E57: 38.468553 | F57: =IF(C$8="NIV",B57-C57,B57/C57) -> 35.162708 | G57: =D57*F57+(1-D57)*E57 -> 35.874175 | H57: =IF(H$9="",G57,(G56+2*G57+G58)/4) -> 37.506579 | I57: =LN(H57/H56) -> -0.0056345228 | J57: =IF(K57="",NA(),IFERROR((H57+K57*J$8),NA())) -> #N/A | L57: =IF(H57=M57,1,IF(H57=N57,-1,"")) | M57: =MAX(H48:H66) -> 43.639861 | N57: =MIN(H48:H66) -> 31.929278 | O57: 32.788123 | P57: =H57/O57-1 -> 0.14390746 | Q57: =IF(R57="",NA(),IFERROR((H57+R57*Q$8),NA())) -> #N/A | S57: =IF(P57=T57,1,IF(P57=U57,-1,"")) | T57: =MAX(P48:P66) -> 0.37386995 | U57: =MIN(P48:P66) -> -0.063134035 | V57: =H57/H45-1 -> 0.19456304 | W57: =(H57/Y56)^W$9-1 -> 0.15863915 | X57: =(H57/Y50)^X$9-1 -> 0.18593085 | Y57: =Y56+(H57-H45)/12 -> 35.140374 | Z57: =Z$11 -> 0.068043152 | AA57: =AA$11 -> 0.26104797 | AB57: =AB$11 -> -0.12496166 | AC57: =[2]Pat!$D57/1000 -> 67.579 | AD57: 0.95085758 | AE57: 1 | AF57: 70.24042 | AG57: =IF(AD$8="NIV",AC57-AD57,AC57/AD57) -> 71.071632 | AH57: =AG57*AE57+(1-AE57)*AF57 -> 71.071632 | AI57: =IF(AI$9="",AH57,(AH56+2*AH57+AH58)/4) -> 71.285598 | AJ57: =LN(AI57/AI56) -> -0.00030878072 | AK57: =IF(AL57="",NA(),IFERROR((AI57+AL57*AK$8),NA())) -> #N/A | AM57: =IF(AI57=AN57,1,IF(AI57=AO57,-1,"")) | AN57: =MAX(AI48:AI66) -> 71.307613 | AO57: =MIN(AI48:AI66) -> 61.210195 | AP57: 61.620253 | AQ57: =AI57/AP57-1 -> 0.15685338 | AR57: =IF(AS57="",NA(),IFERROR((AI57+AS57*AR$8),NA())) -> #N/A | AT57: =IF(AQ57=AU57,1,IF(AQ57=AV57,-1,"")) | AU57: =MAX(AQ48:AQ66) -> 0.15967284 | AV57: =MIN(AQ48:AQ66) -> 0.016748082 | AW57: =AI57/AI45-1 -> 0.34198076 | AX57: =(AI57/AZ56)^AX$9-1 -> 0.27406648 | AY57: =(AI57/AZ50)^AY$9-1 -> 0.22187761 | AZ57: =AZ56+(AI57-AI45)/12 -> 64.03437 | BA57: =BA$11 -> 0.047029155 | BB57: =BB$11 -> 0.12857351 | BC57: =BC$11 -> -0.034515204 | CE57: =[3]OUTM!M57 -> 144.66709 | CF57: =[1]OUTM!$T345 -> 0 | CG57: =[1]OUTM!$U345 -> 0
A58: 1997.12 | B58: =[2]Pat!$B58/1000 -> 18.826 | C58: 0.61056273 | D58: 0 | E58: 39.541052 | F58: =IF(C$8="NIV",B58-C58,B58/C58) -> 30.833851 | G58: =D58*F58+(1-D58)*E58 -> 39.541052 | H58: =IF(H$9="",G58,(G57+2*G58+G59)/4) -> 39.020371 | I58: =LN(H58/H57) -> 0.039567494 | J58: =IF(K58="",NA(),IFERROR((H58+K58*J$8),NA())) -> #N/A | L58: =IF(H58=M58,1,IF(H58=N58,-1,"")) | M58: =MAX(H49:H67) -> 43.639861 | N58: =MIN(H49:H67) -> 32.523943 | O58: 32.618145 | P58: =H58/O58-1 -> 0.19627805 | Q58: =IF(R58="",NA(),IFERROR((H58+R58*Q$8),NA())) -> #N/A | S58: =IF(P58=T58,1,IF(P58=U58,-1,"")) | T58: =MAX(P49:P67) -> 0.37386995 | U58: =MIN(P49:P67) -> -0.04210246 | V58: =H58/H46-1 -> 0.23616708 | W58: =(H58/Y57)^W$9-1 -> 0.21331158 | X58: =(H58/Y51)^X$9-1 -> 0.21931891 | Y58: =Y57+(H58-H46)/12 -> 35.761603 | Z58: =Z$11 -> 0.068043152 | AA58: =AA$11 -> 0.26104797 | AB58: =AB$11 -> -0.12496166 | AC58: =[2]Pat!$D58/1000 -> 75.053 | AD58: 1.0906834 | AE58: 1 | AF58: 70.99071 | AG58: =IF(AD$8="NIV",AC58-AD58,AC58/AD58) -> 68.812819 | AH58: =AG58*AE58+(1-AE58)*AF58 -> 68.812819 | AI58: =IF(AI$9="",AH58,(AH57+2*AH58+AH59)/4) -> 70.018775 | AJ58: =LN(AI58/AI57) -> -0.017930904 | AK58: =IF(AL58="",NA(),IFERROR((AI58+AL58*AK$8),NA())) -> #N/A | AM58: =IF(AI58=AN58,1,IF(AI58=AO58,-1,"")) | AN58: =MAX(AI49:AI67) -> 71.307613 | AO58: =MIN(AI49:AI67) -> 63.387939 | AP58: 61.743307 | AQ58: =AI58/AP58-1 -> 0.1340302 | AR58: =IF(AS58="",NA(),IFERROR((AI58+AS58*AR$8),NA())) -> #N/A | AT58: =IF(AQ58=AU58,1,IF(AQ58=AV58,-1,"")) | AU58: =MAX(AQ49:AQ67) -> 0.15967284 | AV58: =MIN(AQ49:AQ67) -> 0.036488793 | AW58: =AI58/AI46-1 -> 0.26319065 | AX58: =(AI58/AZ57)^AX$9-1 -> 0.17932441 | AY58: =(AI58/AZ51)^AY$9-1 -> 0.19090358 | AZ58: =AZ57+(AI58-AI46)/12 -> 65.250094 | BA58: =BA$11 -> 0.047029155 | BB58: =BB$11 -> 0.12857351 | BC58: =BC$11 -> -0.034515204 | CE58: =[3]OUTM!M58 -> 145.35131 | CF58: =[1]OUTM!$T346 -> 0 | CG58: =[1]OUTM!$U346 -> 0
A59: 1998.01 | B59: =[2]Pat!$B59/1000 -> 68.045 | C59: 1.6545815 | D59: 1 | E59: 40.842631 | F59: =IF(C$8="NIV",B59-C59,B59/C59) -> 41.125204 | G59: =D59*F59+(1-D59)*E59 -> 41.125204 | H59: =IF(H$9="",G59,(G58+2*G59+G60)/4) -> 41.440283 | I59: =LN(H59/H58) -> 0.060169583 | J59: =IF(K59="",NA(),IFERROR((H59+K59*J$8),NA())) -> #N/A | L59: =IF(H59=M59,1,IF(H59=N59,-1,"")) | M59: =MAX(H50:H68) -> 43.639861 | N59: =MIN(H50:H68) -> 33.873722 | O59: 32.441598 | P59: =H59/O59-1 -> 0.27738106 | Q59: =IF(R59="",NA(),IFERROR((H59+R59*Q$8),NA())) -> #N/A | S59: =IF(P59=T59,1,IF(P59=U59,-1,"")) | T59: =MAX(P50:P68) -> 0.37386995 | U59: =MIN(P50:P68) -> 0.001500504 | V59: =H59/H47-1 -> 0.31310458 | W59: =(H59/Y58)^W$9-1 -> 0.31269678 | X59: =(H59/Y52)^X$9-1 -> 0.27444082 | Y59: =Y58+(H59-H47)/12 -> 36.585043 | Z59: =Z$11 -> 0.068043152 | AA59: =AA$11 -> 0.26104797 | AB59: =AB$11 -> -0.12496166 | AC59: =[2]Pat!$D59/1000 -> 76.361 | AD59: 1.069814 | AE59: 1 | AF59: 71.084312 | AG59: =IF(AD$8="NIV",AC59-AD59,AC59/AD59) -> 71.377829 | AH59: =AG59*AE59+(1-AE59)*AF59 -> 71.377829 | AI59: =IF(AI$9="",AH59,(AH58+2*AH59+AH60)/4) -> 70.490926 | AJ59: =LN(AI59/AI58) -> 0.0067205794 | AK59: =IF(AL59="",NA(),IFERROR((AI59+AL59*AK$8),NA())) -> #N/A | AM59: =IF(AI59=AN59,1,IF(AI59=AO59,-1,"")) | AN59: =MAX(AI50:AI68) -> 71.307613 | AO59: =MIN(AI50:AI68) -> 62.327292 | AP59: 61.858364 | AQ59: =AI59/AP59-1 -> 0.13955368 | AR59: =IF(AS59="",NA(),IFERROR((AI59+AS59*AR$8),NA())) -> #N/A | AT59: =IF(AQ59=AU59,1,IF(AQ59=AV59,-1,"")) | AU59: =MAX(AQ50:AQ68) -> 0.15967284 | AV59: =MIN(AQ50:AQ68) -> -0.0030668685 | AW59: =AI59/AI47-1 -> 0.19850295 | AX59: =(AI59/AZ58)^AX$9-1 -> 0.15330001 | AY59: =(AI59/AZ52)^AY$9-1 -> 0.18747014 | AZ59: =AZ58+(AI59-AI47)/12 -> 66.22302 | BA59: =BA$11 -> 0.047029155 | BB59: =BB$11 -> 0.12857351 | BC59: =BC$11 -> -0.034515204 | CE59: =[3]OUTM!M59 -> 142.42748 | CF59: =[1]OUTM!$T347 -> 0 | CG59: =[1]OUTM!$U347 -> 0
A60: 1998.02 | B60: =[2]Pat!$B60/1000 -> 40.99 | C60: 0.9322335 | D60: 1 | E60: 42.154777 | F60: =IF(C$8="NIV",B60-C60,B60/C60) -> 43.969671 | G60: =D60*F60+(1-D60)*E60 -> 43.969671 | H60: =IF(H$9="",G60,(G59+2*G60+G61)/4) -> 42.718694 | I60: =LN(H60/H59) -> 0.030383208 | J60: =IF(K60="",NA(),IFERROR((H60+K60*J$8),NA())) -> #N/A | L60: =IF(H60=M60,1,IF(H60=N60,-1,"")) | M60: =MAX(H51:H69) -> 43.639861 | N60: =MIN(H51:H69) -> 33.449988 | O60: 32.258207 | P60: =H60/O60-1 -> 0.32427367 | Q60: =IF(R60="",NA(),IFERROR((H60+R60*Q$8),NA())) -> #N/A | S60: =IF(P60=T60,1,IF(P60=U60,-1,"")) | T60: =MAX(P51:P69) -> 0.37386995 | U60: =MIN(P51:P69) -> 0.060256019 | V60: =H60/H48-1 -> 0.33791606 | W60: =(H60/Y59)^W$9-1 -> 0.33129023 | X60: =(H60/Y53)^X$9-1 -> 0.2907539 | Y60: =Y59+(H60-H48)/12 -> 37.484161 | Z60: =Z$11 -> 0.068043152 | AA60: =AA$11 -> 0.26104797 | AB60: =AB$11 -> -0.12496166 | AC60: =[2]Pat!$D60/1000 -> 64.566 | AD60: 0.91719285 | AE60: 1 | AF60: 70.631721 | AG60: =IF(AD$8="NIV",AC60-AD60,AC60/AD60) -> 70.395228 | AH60: =AG60*AE60+(1-AE60)*AF60 -> 70.395228 | AI60: =IF(AI$9="",AH60,(AH59+2*AH60+AH61)/4) -> 70.540821 | AJ60: =LN(AI60/AI59) -> 0.00070755926 | AK60: =IF(AL60="",NA(),IFERROR((AI60+AL60*AK$8),NA())) -> #N/A | AM60: =IF(AI60=AN60,1,IF(AI60=AO60,-1,"")) | AN60: =MAX(AI51:AI69) -> 71.307613 | AO60: =MIN(AI51:AI69) -> 62.327292 | AP60: 61.96525 | AQ60: =AI60/AP60-1 -> 0.13839323 | AR60: =IF(AS60="",NA(),IFERROR((AI60+AS60*AR$8),NA())) -> #N/A | AT60: =IF(AQ60=AU60,1,IF(AQ60=AV60,-1,"")) | AU60: =MAX(AQ51:AQ69) -> 0.15967284 | AV60: =MIN(AQ51:AQ69) -> -0.0030668685 | AW60: =AI60/AI48-1 -> 0.15243581 | AX60: =(AI60/AZ59)^AX$9-1 -> 0.12368043 | AY60: =(AI60/AZ53)^AY$9-1 -> 0.1761009 | AZ60: =AZ59+(AI60-AI48)/12 -> 67.000572 | BA60: =BA$11 -> 0.047029155 | BB60: =BB$11 -> 0.12857351 | BC60: =BC$11 -> -0.034515204 | CE60: =[3]OUTM!M60 -> 141.37267 | CF60: =[1]OUTM!$T348 -> 0 | CG60: =[1]OUTM!$U348 -> 0
A61: 1998.03 | B61: =[2]Pat!$B61/1000 -> 42.969 | C61: 1.0277149 | D61: 1 | E61: 43.217469 | F61: =IF(C$8="NIV",B61-C61,B61/C61) -> 41.810232 | G61: =D61*F61+(1-D61)*E61 -> 41.810232 | H61: =IF(H$9="",G61,(G60+2*G61+G62)/4) -> 43.148237 | I61: =LN(H61/H60) -> 0.010004925 | J61: =IF(K61="",NA(),IFERROR((H61+K61*J$8),NA())) -> #N/A | L61: =IF(H61=M61,1,IF(H61=N61,-1,"")) | M61: =MAX(H52:H70) -> 43.639861 | N61: =MIN(H52:H70) -> 32.829597 | O61: 32.067744 | P61: =H61/O61-1 -> 0.34553391 | Q61: =IF(R61="",NA(),IFERROR((H61+R61*Q$8),NA())) -> #N/A | S61: =IF(P61=T61,1,IF(P61=U61,-1,"")) | T61: =MAX(P52:P70) -> 0.37386995 | U61: =MIN(P52:P70) -> 0.092030962 | V61: =H61/H49-1 -> 0.32666071 | W61: =(H61/Y60)^W$9-1 -> 0.29666616 | X61: =(H61/Y54)^X$9-1 -> 0.28001431 | Y61: =Y60+(H61-H49)/12 -> 38.369519 | Z61: =Z$11 -> 0.068043152 | AA61: =AA$11 -> 0.26104797 | AB61: =AB$11 -> -0.12496166 | AC61: =[2]Pat!$D61/1000 -> 72.125 | AD61: 1.0304308 | AE61: 1 | AF61: 70.087534 | AG61: =IF(AD$8="NIV",AC61-AD61,AC61/AD61) -> 69.994997 | AH61: =AG61*AE61+(1-AE61)*AF61 -> 69.994997 | AI61: =IF(AI$9="",AH61,(AH60+2*AH61+AH62)/4) -> 70.051079 | AJ61: =LN(AI61/AI60) -> -0.0069668833 | AK61: =IF(AL61="",NA(),IFERROR((AI61+AL61*AK$8),NA())) -> #N/A | AM61: =IF(AI61=AN61,1,IF(AI61=AO61,-1,"")) | AN61: =MAX(AI52:AI70) -> 71.307613 | AO61: =MIN(AI52:AI70) -> 62.327292 | AP61: 62.063832 | AQ61: =AI61/AP61-1 -> 0.12869406 | AR61: =IF(AS61="",NA(),IFERROR((AI61+AS61*AR$8),NA())) -> #N/A | AT61: =IF(AQ61=AU61,1,IF(AQ61=AV61,-1,"")) | AU61: =MAX(AQ52:AQ70) -> 0.15967284 | AV61: =MIN(AQ52:AQ70) -> -0.0030668685 | AW61: =AI61/AI49-1 -> 0.10511684 | AX61: =(AI61/AZ60)^AX$9-1 -> 0.08566995 | AY61: =(AI61/AZ54)^AY$9-1 -> 0.15638481 | AZ61: =AZ60+(AI61-AI49)/12 -> 67.555834 | BA61: =BA$11 -> 0.047029155 | BB61: =BB$11 -> 0.12857351 | BC61: =BC$11 -> -0.034515204 | CE61: =[3]OUTM!M61 -> 143.37426 | CF61: =[1]OUTM!$T349 -> 0 | CG61: =[1]OUTM!$U349 -> 0
A62: 1998.04 | B62: =[2]Pat!$B62/1000 -> 42.361 | C62: 0.94129671 | D62: 1 | E62: 43.827023 | F62: =IF(C$8="NIV",B62-C62,B62/C62) -> 45.002813 | G62: =D62*F62+(1-D62)*E62 -> 45.002813 | H62: =IF(H$9="",G62,(G61+2*G62+G63)/4) -> 43.639861 | I62: =LN(H62/H61) -> 0.011329414 | J62: =IF(K62="",NA(),IFERROR((H62+K62*J$8),NA())) -> 46.639861 | K62: 1 | L62: =IF(H62=M62,1,IF(H62=N62,-1,"")) -> 1 | M62: =MAX(H53:H71) -> 43.639861 | N62: =MIN(H53:H71) -> 32.829597 | O62: 31.870034 | P62: =H62/O62-1 -> 0.36930699 | Q62: =IF(R62="",NA(),IFERROR((H62+R62*Q$8),NA())) -> #N/A | S62: =IF(P62=T62,1,IF(P62=U62,-1,"")) | T62: =MAX(P53:P71) -> 0.37386995 | U62: =MIN(P53:P71) -> 0.093371879 | V62: =H62/H50-1 -> 0.28831018 | W62: =(H62/Y61)^W$9-1 -> 0.26821963 | X62: =(H62/Y55)^X$9-1 -> 0.26978645 | Y62: =Y61+(H62-H50)/12 -> 39.183363 | Z62: =Z$11 -> 0.068043152 | AA62: =AA$11 -> 0.26104797 | AB62: =AB$11 -> -0.12496166 | AC62: =[2]Pat!$D62/1000 -> 71.326 | AD62: 0.8316215 | AE62: 0 | AF62: 69.819094 | AG62: =IF(AD$8="NIV",AC62-AD62,AC62/AD62) -> 85.767384 | AH62: =AG62*AE62+(1-AE62)*AF62 -> 69.819094 | AI62: =IF(AI$9="",AH62,(AH61+2*AH62+AH63)/4) -> 69.796737 | AJ62: =LN(AI62/AI61) -> -0.003637417 | AK62: =IF(AL62="",NA(),IFERROR((AI62+AL62*AK$8),NA())) -> #N/A | AM62: =IF(AI62=AN62,1,IF(AI62=AO62,-1,"")) | AN62: =MAX(AI53:AI71) -> 71.307613 | AO62: =MIN(AI53:AI71) -> 60.999653 | AP62: 62.154026 | AQ62: =AI62/AP62-1 -> 0.12296405 | AR62: =IF(AS62="",NA(),IFERROR((AI62+AS62*AR$8),NA())) -> #N/A | AT62: =IF(AQ62=AU62,1,IF(AQ62=AV62,-1,"")) | AU62: =MAX(AQ53:AQ71) -> 0.15967284 | AV62: =MIN(AQ53:AQ71) -> -0.025441047 | AW62: =AI62/AI50-1 -> 0.085710679 | AX62: =(AI62/AZ61)^AX$9-1 -> 0.062096978 | AY62: =(AI62/AZ55)^AY$9-1 -> 0.13593446 | AZ62: =AZ61+(AI62-AI50)/12 -> 68.015005 | BA62: =BA$11 -> 0.047029155 | BB62: =BB$11 -> 0.12857351 | BC62: =BC$11 -> -0.034515204 | CE62: =[3]OUTM!M62 -> 142.69685 | CF62: =[1]OUTM!$T350 -> 0 | CG62: =[1]OUTM!$U350 -> 0
A63: 1998.05 | B63: =[2]Pat!$B63/1000 -> 38.561 | C63: 0.90214708 | D63: 1 | E63: 43.793492 | F63: =IF(C$8="NIV",B63-C63,B63/C63) -> 42.743585 | G63: =D63*F63+(1-D63)*E63 -> 42.743585 | H63: =IF(H$9="",G63,(G62+2*G63+G64)/4) -> 43.50354 | I63: =LN(H63/H62) -> -0.0031286479 | J63: =IF(K63="",NA(),IFERROR((H63+K63*J$8),NA())) -> #N/A | L63: =IF(H63=M63,1,IF(H63=N63,-1,"")) | M63: =MAX(H54:H72) -> 43.639861 | N63: =MIN(H54:H72) -> 32.829597 | O63: 31.664962 | P63: =H63/O63-1 -> 0.37386995 | Q63: =IF(R63="",NA(),IFERROR((H63+R63*Q$8),NA())) -> 46.50354 | R63: 1 | S63: =IF(P63=T63,1,IF(P63=U63,-1,"")) -> 1 | T63: =MAX(P54:P72) -> 0.37386995 | U63: =MIN(P54:P72) -> 0.093371879 | V63: =H63/H51-1 -> 0.21793937 | W63: =(H63/Y62)^W$9-1 -> 0.21299117 | X63: =(H63/Y56)^X$9-1 -> 0.24478266 | Y63: =Y62+(H63-H51)/12 -> 39.832078 | Z63: =Z$11 -> 0.068043152 | AA63: =AA$11 -> 0.26104797 | AB63: =AB$11 -> -0.12496166 | AC63: =[2]Pat!$D63/1000 -> 64.367 | AD63: 0.92542801 | AE63: 1 | AF63: 69.548796 | AG63: =IF(AD$8="NIV",AC63-AD63,AC63/AD63) -> 69.553763 | AH63: =AG63*AE63+(1-AE63)*AF63 -> 69.553763 | AI63: =IF(AI$9="",AH63,(AH62+2*AH63+AH64)/4) -> 69.017783 | AJ63: =LN(AI63/AI62) -> -0.011223063 | AK63: =IF(AL63="",NA(),IFERROR((AI63+AL63*AK$8),NA())) -> #N/A | AM63: =IF(AI63=AN63,1,IF(AI63=AO63,-1,"")) | AN63: =MAX(AI54:AI72) -> 71.307613 | AO63: =MIN(AI54:AI72) -> 60.999653 | AP63: 62.235785 | AQ63: =AI63/AP63-1 -> 0.10897265 | AR63: =IF(AS63="",NA(),IFERROR((AI63+AS63*AR$8),NA())) -> #N/A | AT63: =IF(AQ63=AU63,1,IF(AQ63=AV63,-1,"")) | AU63: =MAX(AQ54:AQ72) -> 0.15967284 | AV63: =MIN(AQ54:AQ72) -> -0.025441047 | AW63: =AI63/AI51-1 -> 0.07074597 | AX63: =(AI63/AZ62)^AX$9-1 -> 0.027388388 | AY63: =(AI63/AZ56)^AY$9-1 -> 0.099564533 | AZ63: =AZ62+(AI63-AI51)/12 -> 68.395015 | BA63: =BA$11 -> 0.047029155 | BB63: =BB$11 -> 0.12857351 | BC63: =BC$11 -> -0.034515204 | CE63: =[3]OUTM!M63 -> 139.50509 | CF63: =[1]OUTM!$T351 -> 0 | CG63: =[1]OUTM!$U351 -> 0
A64: 1998.06 | B64: =[2]Pat!$B64/1000 -> 40.587 | C64: 0.93251616 | D64: 1 | E64: 43.073373 | F64: =IF(C$8="NIV",B64-C64,B64/C64) -> 43.524179 | G64: =D64*F64+(1-D64)*E64 -> 43.524179 | H64: =IF(H$9="",G64,(G63+2*G64+G65)/4) -> 43.012344 | I64: =LN(H64/H63) -> -0.011355169 | J64: =IF(K64="",NA(),IFERROR((H64+K64*J$8),NA())) -> #N/A | L64: =IF(H64=M64,1,IF(H64=N64,-1,"")) | M64: =MAX(H55:H73) -> 43.639861 | N64: =MIN(H55:H73) -> 32.165337 | O64: 31.452473 | P64: =H64/O64-1 -> 0.36753459 | Q64: =IF(R64="",NA(),IFERROR((H64+R64*Q$8),NA())) -> #N/A | S64: =IF(P64=T64,1,IF(P64=U64,-1,"")) | T64: =MAX(P55:P73) -> 0.37386995 | U64: =MIN(P55:P73) -> 0.093371879 | V64: =H64/H52-1 -> 0.17395416 | W64: =(H64/Y63)^W$9-1 -> 0.15235947 | X64: =(H64/Y57)^X$9-1 -> 0.21415818 | Y64: =Y63+(H64-H52)/12 -> 40.363201 | Z64: =Z$11 -> 0.068043152 | AA64: =AA$11 -> 0.26104797 | AB64: =AB$11 -> -0.12496166 | AC64: =[2]Pat!$D64/1000 -> 65.204 | AD64: 0.97109947 | AE64: 1 | AF64: 68.871432 | AG64: =IF(AD$8="NIV",AC64-AD64,AC64/AD64) -> 67.144512 | AH64: =AG64*AE64+(1-AE64)*AF64 -> 67.144512 | AI64: =IF(AI$9="",AH64,(AH63+2*AH64+AH65)/4) -> 67.910439 | AJ64: =LN(AI64/AI63) -> -0.016174428 | AK64: =IF(AL64="",NA(),IFERROR((AI64+AL64*AK$8),NA())) -> #N/A | AM64: =IF(AI64=AN64,1,IF(AI64=AO64,-1,"")) | AN64: =MAX(AI55:AI73) -> 71.307613 | AO64: =MIN(AI55:AI73) -> 60.999653 | AP64: 62.309104 | AQ64: =AI64/AP64-1 -> 0.089895938 | AR64: =IF(AS64="",NA(),IFERROR((AI64+AS64*AR$8),NA())) -> #N/A | AT64: =IF(AQ64=AU64,1,IF(AQ64=AV64,-1,"")) | AU64: =MAX(AQ55:AQ73) -> 0.15967284 | AV64: =MIN(AQ55:AQ73) -> -0.025441047 | AW64: =AI64/AI52-1 -> 0.055317782 | AX64: =(AI64/AZ63)^AX$9-1 -> -0.013040699 | AY64: =(AI64/AZ57)^AY$9-1 -> 0.058040909 | AZ64: =AZ63+(AI64-AI52)/12 -> 68.69166 | BA64: =BA$11 -> 0.047029155 | BB64: =BB$11 -> 0.12857351 | BC64: =BC$11 -> -0.034515204 | CE64: =[3]OUTM!M64 -> 136.34093 | CF64: =[1]OUTM!$T352 -> 0 | CG64: =[1]OUTM!$U352 -> 0
A65: 1998.07 | B65: =[2]Pat!$B65/1000 -> 45.73 | C65: 1.0821764 | D65: 1 | E65: 41.714912 | F65: =IF(C$8="NIV",B65-C65,B65/C65) -> 42.257436 | G65: =D65*F65+(1-D65)*E65 -> 42.257436 | H65: =IF(H$9="",G65,(G64+2*G65+G66)/4) -> 42.280922 | I65: =LN(H65/H64) -> -0.017151182 | J65: =IF(K65="",NA(),IFERROR((H65+K65*J$8),NA())) -> #N/A | L65: =IF(H65=M65,1,IF(H65=N65,-1,"")) | M65: =MAX(H56:H74) -> 43.639861 | N65: =MIN(H56:H74) -> 29.906641 | O65: 31.232572 | P65: =H65/O65-1 -> 0.35374451 | Q65: =IF(R65="",NA(),IFERROR((H65+R65*Q$8),NA())) -> #N/A | S65: =IF(P65=T65,1,IF(P65=U65,-1,"")) | T65: =MAX(P56:P74) -> 0.37386995 | U65: =MIN(P56:P74) -> 0.033215601 | V65: =H65/H53-1 -> 0.1372748 | W65: =(H65/Y64)^W$9-1 -> 0.089472655 | X65: =(H65/Y58)^X$9-1 -> 0.17440629 | Y65: =Y64+(H65-H53)/12 -> 40.788495 | Z65: =Z$11 -> 0.068043152 | AA65: =AA$11 -> 0.26104797 | AB65: =AB$11 -> -0.12496166 | AC65: =[2]Pat!$D65/1000 -> 73.999 | AD65: 1.0914473 | AE65: 1 | AF65: 67.974113 | AG65: =IF(AD$8="NIV",AC65-AD65,AC65/AD65) -> 67.798969 | AH65: =AG65*AE65+(1-AE65)*AF65 -> 67.798969 | AI65: =IF(AI$9="",AH65,(AH64+2*AH65+AH66)/4) -> 68.462416 | AJ65: =LN(AI65/AI64) -> 0.0080951574 | AK65: =IF(AL65="",NA(),IFERROR((AI65+AL65*AK$8),NA())) -> #N/A | AM65: =IF(AI65=AN65,1,IF(AI65=AO65,-1,"")) | AN65: =MAX(AI56:AI74) -> 71.307613 | AO65: =MIN(AI56:AI74) -> 60.999653 | AP65: 62.374013 | AQ65: =AI65/AP65-1 -> 0.097611211 | AR65: =IF(AS65="",NA(),IFERROR((AI65+AS65*AR$8),NA())) -> #N/A | AT65: =IF(AQ65=AU65,1,IF(AQ65=AV65,-1,"")) | AU65: =MAX(AQ56:AQ74) -> 0.15967284 | AV65: =MIN(AQ56:AQ74) -> -0.025441047 | AW65: =AI65/AI53-1 -> 0.078459386 | AX65: =(AI65/AZ64)^AX$9-1 -> -0.0061524427 | AY65: =(AI65/AZ58)^AY$9-1 -> 0.047215924 | AZ65: =AZ64+(AI65-AI53)/12 -> 69.106721 | BA65: =BA$11 -> 0.047029155 | BB65: =BB$11 -> 0.12857351 | BC65: =BC$11 -> -0.034515204 | CE65: =[3]OUTM!M65 -> 132.86113 | CF65: =[1]OUTM!$T353 -> 0 | CG65: =[1]OUTM!$U353 -> 0
A66: 1998.08 | B66: =[2]Pat!$B66/1000 -> 41.705 | C66: 1.0150996 | D66: 1 | E66: 39.817129 | F66: =IF(C$8="NIV",B66-C66,B66/C66) -> 41.084639 | G66: =D66*F66+(1-D66)*E66 -> 41.084639 | H66: =IF(H$9="",G66,(G65+2*G66+G67)/4) -> 40.448309 | I66: =LN(H66/H65) -> -0.044311134 | J66: =IF(K66="",NA(),IFERROR((H66+K66*J$8),NA())) -> #N/A | L66: =IF(H66=M66,1,IF(H66=N66,-1,"")) | M66: =MAX(H57:H75) -> 43.639861 | N66: =MIN(H57:H75) -> 28.800189 | O66: 31.005325 | P66: =H66/O66-1 -> 0.30456007 | Q66: =IF(R66="",NA(),IFERROR((H66+R66*Q$8),NA())) -> #N/A | S66: =IF(P66=T66,1,IF(P66=U66,-1,"")) | T66: =MAX(P57:P75) -> 0.37386995 | U66: =MIN(P57:P75) -> 0.0048487289 | V66: =H66/H54-1 -> 0.075697445 | W66: =(H66/Y65)^W$9-1 -> -0.015343001 | X66: =(H66/Y59)^X$9-1 -> 0.10116635 | Y66: =Y65+(H66-H54)/12 -> 41.025692 | Z66: =Z$11 -> 0.068043152 | AA66: =AA$11 -> 0.26104797 | AB66: =AB$11 -> -0.12496166 | AC66: =[2]Pat!$D66/1000 -> 68.18 | AD66: 0.95883381 | AE66: 1 | AF66: 66.860092 | AG66: =IF(AD$8="NIV",AC66-AD66,AC66/AD66) -> 71.107213 | AH66: =AG66*AE66+(1-AE66)*AF66 -> 71.107213 | AI66: =IF(AI$9="",AH66,(AH65+2*AH66+AH67)/4) -> 68.692409 | AJ66: =LN(AI66/AI65) -> 0.00335378 | AK66: =IF(AL66="",NA(),IFERROR((AI66+AL66*AK$8),NA())) -> #N/A | AM66: =IF(AI66=AN66,1,IF(AI66=AO66,-1,"")) | AN66: =MAX(AI57:AI75) -> 74.366911 | AO66: =MIN(AI57:AI75) -> 60.999653 | AP66: 62.430571 | AQ66: =AI66/AP66-1 -> 0.10030083 | AR66: =IF(AS66="",NA(),IFERROR((AI66+AS66*AR$8),NA())) -> #N/A | AT66: =IF(AQ66=AU66,1,IF(AQ66=AV66,-1,"")) | AU66: =MAX(AQ57:AQ75) -> 0.18827499 | AV66: =MIN(AQ57:AQ75) -> -0.025441047 | AW66: =AI66/AI54-1 -> 0.082812552 | AX66: =(AI66/AZ65)^AX$9-1 -> -0.011040057 | AY66: =(AI66/AZ59)^AY$9-1 -> 0.035771072 | AZ66: =AZ65+(AI66-AI54)/12 -> 69.544515 | BA66: =BA$11 -> 0.047029155 | BB66: =BB$11 -> 0.12857351 | BC66: =BC$11 -> -0.034515204 | CE66: =[3]OUTM!M66 -> 130.56694 | CF66: =[1]OUTM!$T354 -> 0 | CG66: =[1]OUTM!$U354 -> 0
A67: 1998.09 | B67: =[2]Pat!$B67/1000 -> 40.921 | C67: 1.0951246 | D67: 1 | E67: 37.65331 | F67: =IF(C$8="NIV",B67-C67,B67/C67) -> 37.366523 | G67: =D67*F67+(1-D67)*E67 -> 37.366523 | H67: =IF(H$9="",G67,(G66+2*G67+G68)/4) -> 37.529145 | I67: =LN(H67/H66) -> -0.074906993 | J67: =IF(K67="",NA(),IFERROR((H67+K67*J$8),NA())) -> #N/A | L67: =IF(H67=M67,1,IF(H67=N67,-1,"")) | M67: =MAX(H58:H76) -> 43.639861 | N67: =MIN(H58:H76) -> 28.800189 | O67: 30.770857 | P67: =H67/O67-1 -> 0.21963277 | Q67: =IF(R67="",NA(),IFERROR((H67+R67*Q$8),NA())) -> #N/A | S67: =IF(P67=T67,1,IF(P67=U67,-1,"")) | T67: =MAX(P58:P76) -> 0.37386995 | U67: =MIN(P58:P76) -> 0.0048487289 | V67: =H67/H55-1 -> -0.0090178817 | W67: =(H67/Y66)^W$9-1 -> -0.15164543 | X67: =(H67/Y60)^X$9-1 -> 0.0011520692 | Y67: =Y66+(H67-H55)/12 -> 40.997233 | Z67: =Z$11 -> 0.068043152 | AA67: =AA$11 -> 0.26104797 | AB67: =AB$11 -> -0.12496166 | AC67: =[2]Pat!$D67/1000 -> 72.033 | AD67: 1.1123715 | AE67: 1 | AF67: 65.485572 | AG67: =IF(AD$8="NIV",AC67-AD67,AC67/AD67) -> 64.756242 | AH67: =AG67*AE67+(1-AE67)*AF67 -> 64.756242 | AI67: =IF(AI$9="",AH67,(AH66+2*AH67+AH68)/4) -> 65.206734 | AJ67: =LN(AI67/AI66) -> -0.052075953 | AK67: =IF(AL67="",NA(),IFERROR((AI67+AL67*AK$8),NA())) -> #N/A | AM67: =IF(AI67=AN67,1,IF(AI67=AO67,-1,"")) | AN67: =MAX(AI58:AI76) -> 79.652835 | AO67: =MIN(AI58:AI76) -> 60.999653 | AP67: 62.478869 | AQ67: =AI67/AP67-1 -> 0.043660601 | AR67: =IF(AS67="",NA(),IFERROR((AI67+AS67*AR$8),NA())) -> #N/A | AT67: =IF(AQ67=AU67,1,IF(AQ67=AV67,-1,"")) | AU67: =MAX(AQ58:AQ76) -> 0.27314135 | AV67: =MIN(AQ58:AQ76) -> -0.025441047 | AW67: =AI67/AI55-1 -> -0.026177797 | AX67: =(AI67/AZ66)^AX$9-1 -> -0.11210365 | AY67: =(AI67/AZ60)^AY$9-1 -> -0.025716423 | AZ67: =AZ66+(AI67-AI55)/12 -> 69.398444 | BA67: =BA$11 -> 0.047029155 | BB67: =BB$11 -> 0.12857351 | BC67: =BC$11 -> -0.034515204 | CE67: =[3]OUTM!M67 -> 127.45218 | CF67: =[1]OUTM!$T355 -> 1 | CG67: =[1]OUTM!$U355 -> 0
A68: 1998.1 | B68: =[2]Pat!$B68/1000 -> 34.047 | C68: 0.9926558 | D68: 1 | E68: 35.673156 | F68: =IF(C$8="NIV",B68-C68,B68/C68) -> 34.298898 | G68: =D68*F68+(1-D68)*E68 -> 34.298898 | H68: =IF(H$9="",G68,(G67+2*G68+G69)/4) -> 34.963409 | I68: =LN(H68/H67) -> -0.070815777 | J68: =IF(K68="",NA(),IFERROR((H68+K68*J$8),NA())) -> #N/A | L68: =IF(H68=M68,1,IF(H68=N68,-1,"")) | M68: =MAX(H59:H77) -> 43.639861 | N68: =MIN(H59:H77) -> 28.800189 | O68: 30.52934 | P68: =H68/O68-1 -> 0.14523962 | Q68: =IF(R68="",NA(),IFERROR((H68+R68*Q$8),NA())) -> #N/A | S68: =IF(P68=T68,1,IF(P68=U68,-1,"")) | T68: =MAX(P59:P77) -> 0.37386995 | U68: =MIN(P59:P77) -> 0.0048487289 | V68: =H68/H56-1 -> -0.07304365 | W68: =(H68/Y67)^W$9-1 -> -0.25465815 | X68: =(H68/Y61)^X$9-1 -> -0.085376559 | Y68: =Y67+(H68-H56)/12 -> 40.767641 | Z68: =Z$11 -> 0.068043152 | AA68: =AA$11 -> 0.26104797 | AB68: =AB$11 -> -0.12496166 | AC68: =[2]Pat!$D68/1000 -> 63.365 | AD68: 1.0524482 | AE68: 1 | AF68: 63.984759 | AG68: =IF(AD$8="NIV",AC68-AD68,AC68/AD68) -> 60.207241 | AH68: =AG68*AE68+(1-AE68)*AF68 -> 60.207241 | AI68: =IF(AI$9="",AH68,(AH67+2*AH68+AH69)/4) -> 62.327292 | AJ68: =LN(AI68/AI67) -> -0.045163343 | AK68: =IF(AL68="",NA(),IFERROR((AI68+AL68*AK$8),NA())) -> #N/A | AM68: =IF(AI68=AN68,1,IF(AI68=AO68,-1,"")) | AN68: =MAX(AI59:AI77) -> 80.436592 | AO68: =MIN(AI59:AI77) -> 60.999653 | AP68: 62.51903 | AQ68: =AI68/AP68-1 -> -0.0030668685 | AR68: =IF(AS68="",NA(),IFERROR((AI68+AS68*AR$8),NA())) -> #N/A | AT68: =IF(AQ68=AU68,1,IF(AQ68=AV68,-1,"")) | AU68: =MAX(AQ59:AQ77) -> 0.28621655 | AV68: =MIN(AQ59:AQ77) -> -0.025441047 | AW68: =AI68/AI56-1 -> -0.12593776 | AX68: =(AI68/AZ67)^AX$9-1 -> -0.17995577 | AY68: =(AI68/AZ61)^AY$9-1 -> -0.074418244 | AZ68: =AZ67+(AI68-AI56)/12 -> 68.650084 | BA68: =BA$11 -> 0.047029155 | BB68: =BB$11 -> 0.12857351 | BC68: =BC$11 -> -0.034515204 | CE68: =[3]OUTM!M68 -> 121.90785 | CF68: =[1]OUTM!$T356 -> 1 | CG68: =[1]OUTM!$U356 -> 0
A69: 1998.11 | B69: =[2]Pat!$B69/1000 -> 28.544 | C69: 0.84227128 | D69: 1 | E69: 34.247 | F69: =IF(C$8="NIV",B69-C69,B69/C69) -> 33.889319 | G69: =D69*F69+(1-D69)*E69 -> 33.889319 | H69: =IF(H$9="",G69,(G68+2*G69+G70)/4) -> 33.449988 | I69: =LN(H69/H68) -> -0.044250633 | J69: =IF(K69="",NA(),IFERROR((H69+K69*J$8),NA())) -> #N/A | L69: =IF(H69=M69,1,IF(H69=N69,-1,"")) | M69: =MAX(H60:H78) -> 43.639861 | N69: =MIN(H60:H78) -> 28.800189 | O69: 30.280981 | P69: =H69/O69-1 -> 0.10465339 | Q69: =IF(R69="",NA(),IFERROR((H69+R69*Q$8),NA())) -> #N/A | S69: =IF(P69=T69,1,IF(P69=U69,-1,"")) | T69: =MAX(P60:P78) -> 0.37386995 | U69: =MIN(P60:P78) -> 0.0048487289 | V69: =H69/H57-1 -> -0.10815677 | W69: =(H69/Y68)^W$9-1 -> -0.30596852 | X69: =(H69/Y62)^X$9-1 -> -0.14090244 | Y69: =Y68+(H69-H57)/12 -> 40.429592 | Z69: =Z$11 -> 0.068043152 | AA69: =AA$11 -> 0.26104797 | AB69: =AB$11 -> -0.12496166 | AC69: =[2]Pat!$D69/1000 -> 63.437 | AD69: 0.98906356 | AE69: 1 | AF69: 62.595762 | AG69: =IF(AD$8="NIV",AC69-AD69,AC69/AD69) -> 64.138446 | AH69: =AG69*AE69+(1-AE69)*AF69 -> 64.138446 | AI69: =IF(AI$9="",AH69,(AH68+2*AH69+AH70)/4) -> 63.44522 | AJ69: =LN(AI69/AI68) -> 0.017777443 | AK69: =IF(AL69="",NA(),IFERROR((AI69+AL69*AK$8),NA())) -> #N/A | AM69: =IF(AI69=AN69,1,IF(AI69=AO69,-1,"")) | AN69: =MAX(AI60:AI78) -> 80.436592 | AO69: =MIN(AI60:AI78) -> 60.999653 | AP69: 62.55119 | AQ69: =AI69/AP69-1 -> 0.014292761 | AR69: =IF(AS69="",NA(),IFERROR((AI69+AS69*AR$8),NA())) -> #N/A | AT69: =IF(AQ69=AU69,1,IF(AQ69=AV69,-1,"")) | AU69: =MAX(AQ60:AQ78) -> 0.28621655 | AV69: =MIN(AQ60:AQ78) -> -0.025441047 | AW69: =AI69/AI57-1 -> -0.10998545 | AX69: =(AI69/AZ68)^AX$9-1 -> -0.13546279 | AY69: =(AI69/AZ62)^AY$9-1 -> -0.064589147 | AZ69: =AZ68+(AI69-AI57)/12 -> 67.996719 | BA69: =BA$11 -> 0.047029155 | BB69: =BB$11 -> 0.12857351 | BC69: =BC$11 -> -0.034515204 | CE69: =[3]OUTM!M69 -> 116.57133 | CF69: =[1]OUTM!$T357 -> 1 | CG69: =[1]OUTM!$U357 -> 0
A70: 1998.12 | B70: =[2]Pat!$B70/1000 -> 19.94 | C70: 0.62857757 | D70: 1 | E70: 33.304418 | F70: =IF(C$8="NIV",B70-C70,B70/C70) -> 31.722417 | G70: =D70*F70+(1-D70)*E70 -> 31.722417 | H70: =IF(H$9="",G70,(G69+2*G70+G71)/4) -> 32.829597 | I70: =LN(H70/H69) -> -0.018720979 | J70: =IF(K70="",NA(),IFERROR((H70+K70*J$8),NA())) -> #N/A | L70: =IF(H70=M70,1,IF(H70=N70,-1,"")) | M70: =MAX(H61:H79) -> 43.639861 | N70: =MIN(H61:H79) -> 28.800189 | O70: 30.026012 | P70: =H70/O70-1 -> 0.093371879 | Q70: =IF(R70="",NA(),IFERROR((H70+R70*Q$8),NA())) -> #N/A | S70: =IF(P70=T70,1,IF(P70=U70,-1,"")) | T70: =MAX(P61:P79) -> 0.37386995 | U70: =MIN(P61:P79) -> 0.0048487289 | V70: =H70/H58-1 -> -0.15865492 | W70: =(H70/Y69)^W$9-1 -> -0.31915966 | X70: =(H70/Y63)^X$9-1 -> -0.16940122 | Y70: =Y69+(H70-H58)/12 -> 39.913694 | Z70: =Z$11 -> 0.068043152 | AA70: =AA$11 -> 0.26104797 | AB70: =AB$11 -> -0.12496166 | AC70: =[2]Pat!$D70/1000 -> 67.988 | AD70: 1.0412158 | AE70: 1 | AF70: 61.631137 | AG70: =IF(AD$8="NIV",AC70-AD70,AC70/AD70) -> 65.296746 | AH70: =AG70*AE70+(1-AE70)*AF70 -> 65.296746 | AI70: =IF(AI$9="",AH70,(AH69+2*AH70+AH71)/4) -> 63.155859 | AJ70: =LN(AI70/AI69) -> -0.0045712251 | AK70: =IF(AL70="",NA(),IFERROR((AI70+AL70*AK$8),NA())) -> #N/A | AM70: =IF(AI70=AN70,1,IF(AI70=AO70,-1,"")) | AN70: =MAX(AI61:AI79) -> 83.796527 | AO70: =MIN(AI61:AI79) -> 60.999653 | AP70: 62.575487 | AQ70: =AI70/AP70-1 -> 0.0092747515 | AR70: =IF(AS70="",NA(),IFERROR((AI70+AS70*AR$8),NA())) -> #N/A | AT70: =IF(AQ70=AU70,1,IF(AQ70=AV70,-1,"")) | AU70: =MAX(AQ61:AQ79) -> 0.34149052 | AV70: =MIN(AQ61:AQ79) -> -0.025441047 | AW70: =AI70/AI58-1 -> -0.098015365 | AX70: =(AI70/AZ69)^AX$9-1 -> -0.12745892 | AY70: =(AI70/AZ63)^AY$9-1 -> -0.073653147 | AZ70: =AZ69+(AI70-AI58)/12 -> 67.42481 | BA70: =BA$11 -> 0.047029155 | BB70: =BB$11 -> 0.12857351 | BC70: =BC$11 -> -0.034515204 | CE70: =[3]OUTM!M70 -> 110.64438 | CF70: =[1]OUTM!$T358 -> 1 | CG70: =[1]OUTM!$U358 -> 0
A71: 1999.01 | B71: =[2]Pat!$B71/1000 -> 52.973 | C71: 1.5587522 | D71: 1 | E71: 32.624929 | F71: =IF(C$8="NIV",B71-C71,B71/C71) -> 33.984235 | G71: =D71*F71+(1-D71)*E71 -> 33.984235 | H71: =IF(H$9="",G71,(G70+2*G71+G72)/4) -> 33.13608 | I71: =LN(H71/H70) -> 0.0092922557 | J71: =IF(K71="",NA(),IFERROR((H71+K71*J$8),NA())) -> #N/A | L71: =IF(H71=M71,1,IF(H71=N71,-1,"")) | M71: =MAX(H62:H80) -> 43.639861 | N71: =MIN(H62:H80) -> 28.800189 | O71: 29.764679 | P71: =H71/O71-1 -> 0.1132685 | Q71: =IF(R71="",NA(),IFERROR((H71+R71*Q$8),NA())) -> #N/A | S71: =IF(P71=T71,1,IF(P71=U71,-1,"")) | T71: =MAX(P62:P80) -> 0.40780845 | U71: =MIN(P62:P80) -> 0.0048487289 | V71: =H71/H59-1 -> -0.20038963 | W71: =(H71/Y70)^W$9-1 -> -0.29076139 | X71: =(H71/Y64)^X$9-1 -> -0.17254782 | Y71: =Y70+(H71-H59)/12 -> 39.221677 | Z71: =Z$11 -> 0.068043152 | AA71: =AA$11 -> 0.26104797 | AB71: =AB$11 -> -0.12496166 | AC71: =[2]Pat!$D71/1000 -> 59.896 | AD71: 1.0346251 | AE71: 1 | AF71: 61.629353 | AG71: =IF(AD$8="NIV",AC71-AD71,AC71/AD71) -> 57.891499 | AH71: =AG71*AE71+(1-AE71)*AF71 -> 57.891499 | AI71: =IF(AI$9="",AH71,(AH70+2*AH71+AH72)/4) -> 60.999653 | AJ71: =LN(AI71/AI70) -> -0.034737448 | AK71: =IF(AL71="",NA(),IFERROR((AI71+AL71*AK$8),NA())) -> 55.999653 | AL71: -1 | AM71: =IF(AI71=AN71,1,IF(AI71=AO71,-1,"")) -> -1 | AN71: =MAX(AI62:AI80) -> 84.846976 | AO71: =MIN(AI62:AI80) -> 60.999653 | AP71: 62.592061 | AQ71: =AI71/AP71-1 -> -0.025441047 | AR71: =IF(AS71="",NA(),IFERROR((AI71+AS71*AR$8),NA())) -> 55.999653 | AS71: -1 | AT71: =IF(AQ71=AU71,1,IF(AQ71=AV71,-1,"")) -> -1 | AU71: =MAX(AQ62:AQ80) -> 0.35927614 | AV71: =MIN(AQ62:AQ80) -> -0.025441047 | AW71: =AI71/AI59-1 -> -0.13464532 | AX71: =(AI71/AZ70)^AX$9-1 -> -0.16879833 | AY71: =(AI71/AZ64)^AY$9-1 -> -0.10775028 | AZ71: =AZ70+(AI71-AI59)/12 -> 66.63387 | BA71: =BA$11 -> 0.047029155 | BB71: =BB$11 -> 0.12857351 | BC71: =BC$11 -> -0.034515204 | CE71: =[3]OUTM!M71 -> 107.25218 | CF71: =[1]OUTM!$T359 -> 1 | CG71: =[1]OUTM!$U359 -> 0
A72: 1999.02 | B72: =[2]Pat!$B72/1000 -> 29.937 | C72: 0.91122899 | D72: 1 | E72: 31.906695 | F72: =IF(C$8="NIV",B72-C72,B72/C72) -> 32.853432 | G72: =D72*F72+(1-D72)*E72 -> 32.853432 | H72: =IF(H$9="",G72,(G71+2*G72+G73)/4) -> 33.251227 | I72: =LN(H72/H71) -> 0.0034689468 | J72: =IF(K72="",NA(),IFERROR((H72+K72*J$8),NA())) -> #N/A | L72: =IF(H72=M72,1,IF(H72=N72,-1,"")) | M72: =MAX(H63:H81) -> 43.50354 | N72: =MIN(H63:H81) -> 28.800189 | O72: 29.497245 | P72: =H72/O72-1 -> 0.1272655 | Q72: =IF(R72="",NA(),IFERROR((H72+R72*Q$8),NA())) -> #N/A | S72: =IF(P72=T72,1,IF(P72=U72,-1,"")) | T72: =MAX(P63:P81) -> 0.42270151 | U72: =MIN(P63:P81) -> 0.0048487289 | V72: =H72/H60-1 -> -0.22162353 | W72: =(H72/Y71)^W$9-1 -> -0.26278081 | X72: =(H72/Y65)^X$9-1 -> -0.17809959 | Y72: =Y71+(H72-H60)/12 -> 38.432722 | Z72: =Z$11 -> 0.068043152 | AA72: =AA$11 -> 0.26104797 | AB72: =AB$11 -> -0.12496166 | AC72: =[2]Pat!$D72/1000 -> 56.641 | AD72: 0.9002228 | AE72: 1 | AF72: 63.164537 | AG72: =IF(AD$8="NIV",AC72-AD72,AC72/AD72) -> 62.918868 | AH72: =AG72*AE72+(1-AE72)*AF72 -> 62.918868 | AI72: =IF(AI$9="",AH72,(AH71+2*AH72+AH73)/4) -> 62.086145 | AJ72: =LN(AI72/AI71) -> 0.01765468 | AK72: =IF(AL72="",NA(),IFERROR((AI72+AL72*AK$8),NA())) -> #N/A | AM72: =IF(AI72=AN72,1,IF(AI72=AO72,-1,"")) | AN72: =MAX(AI63:AI81) -> 84.846976 | AO72: =MIN(AI63:AI81) -> 60.999653 | AP72: 62.601055 | AQ72: =AI72/AP72-1 -> -0.008225263 | AR72: =IF(AS72="",NA(),IFERROR((AI72+AS72*AR$8),NA())) -> #N/A | AT72: =IF(AQ72=AU72,1,IF(AQ72=AV72,-1,"")) | AU72: =MAX(AQ63:AQ81) -> 0.35927614 | AV72: =MIN(AQ63:AQ81) -> -0.025441047 | AW72: =AI72/AI60-1 -> -0.11985508 | AX72: =(AI72/AZ71)^AX$9-1 -> -0.1223478 | AY72: =(AI72/AZ65)^AY$9-1 -> -0.097732254 | AZ72: =AZ71+(AI72-AI60)/12 -> 65.929314 | BA72: =BA$11 -> 0.047029155 | BB72: =BB$11 -> 0.12857351 | BC72: =BC$11 -> -0.034515204 | CE72: =[3]OUTM!M72 -> 107.67401 | CF72: =[1]OUTM!$T360 -> 1 | CG72: =[1]OUTM!$U360 -> 0
A73: 1999.03 | B73: =[2]Pat!$B73/1000 -> 32.631 | C73: 0.97950378 | D73: 1 | E73: 31.081675 | F73: =IF(C$8="NIV",B73-C73,B73/C73) -> 33.313807 | G73: =D73*F73+(1-D73)*E73 -> 33.313807 | H73: =IF(H$9="",G73,(G72+2*G73+G74)/4) -> 32.165337 | I73: =LN(H73/H72) -> -0.033202277 | J73: =IF(K73="",NA(),IFERROR((H73+K73*J$8),NA())) -> #N/A | L73: =IF(H73=M73,1,IF(H73=N73,-1,"")) | M73: =MAX(H64:H82) -> 43.012344 | N73: =MIN(H64:H82) -> 28.800189 | O73: 29.223988 | P73: =H73/O73-1 -> 0.10064843 | Q73: =IF(R73="",NA(),IFERROR((H73+R73*Q$8),NA())) -> #N/A | S73: =IF(P73=T73,1,IF(P73=U73,-1,"")) | T73: =MAX(P64:P82) -> 0.42270151 | U73: =MIN(P64:P82) -> 0.0048487289 | V73: =H73/H61-1 -> -0.25453879 | W73: =(H73/Y72)^W$9-1 -> -0.28010652 | X73: =(H73/Y66)^X$9-1 -> -0.20830318 | Y73: =Y72+(H73-H61)/12 -> 37.51748 | Z73: =Z$11 -> 0.068043152 | AA73: =AA$11 -> 0.26104797 | AB73: =AB$11 -> -0.12496166 | AC73: =[2]Pat!$D73/1000 -> 62.961 | AD73: 0.97439704 | AE73: 1 | AF73: 65.934456 | AG73: =IF(AD$8="NIV",AC73-AD73,AC73/AD73) -> 64.615344 | AH73: =AG73*AE73+(1-AE73)*AF73 -> 64.615344 | AI73: =IF(AI$9="",AH73,(AH72+2*AH73+AH74)/4) -> 65.220462 | AJ73: =LN(AI73/AI72) -> 0.049250404 | AK73: =IF(AL73="",NA(),IFERROR((AI73+AL73*AK$8),NA())) -> #N/A | AM73: =IF(AI73=AN73,1,IF(AI73=AO73,-1,"")) | AN73: =MAX(AI64:AI82) -> 84.846976 | AO73: =MIN(AI64:AI82) -> 60.999653 | AP73: 62.602606 | AQ73: =AI73/AP73-1 -> 0.041817048 | AR73: =IF(AS73="",NA(),IFERROR((AI73+AS73*AR$8),NA())) -> #N/A | AT73: =IF(AQ73=AU73,1,IF(AQ73=AV73,-1,"")) | AU73: =MAX(AQ64:AQ82) -> 0.35927614 | AV73: =MIN(AQ64:AQ82) -> -0.025441047 | AW73: =AI73/AI61-1 -> -0.068958487 | AX73: =(AI73/AZ72)^AX$9-1 -> -0.019758929 | AY73: =(AI73/AZ66)^AY$9-1 -> -0.059765574 | AZ73: =AZ72+(AI73-AI61)/12 -> 65.526762 | BA73: =BA$11 -> 0.047029155 | BB73: =BB$11 -> 0.12857351 | BC73: =BC$11 -> -0.034515204 | CE73: =[3]OUTM!M73 -> 105.40519 | CF73: =[1]OUTM!$T361 -> 1 | CG73: =[1]OUTM!$U361 -> 0
A74: 1999.04 | B74: =[2]Pat!$B74/1000 -> 26.621 | C74: 1.0196694 | D74: 0.28536448 | E74: 30.407324 | F74: =IF(C$8="NIV",B74-C74,B74/C74) -> 26.107481 | G74: =D74*F74+(1-D74)*E74 -> 29.180301 | H74: =IF(H$9="",G74,(G73+2*G74+G75)/4) -> 29.906641 | I74: =LN(H74/H73) -> -0.072808829 | J74: =IF(K74="",NA(),IFERROR((H74+K74*J$8),NA())) -> #N/A | L74: =IF(H74=M74,1,IF(H74=N74,-1,"")) | M74: =MAX(H65:H83) -> 42.280922 | N74: =MIN(H65:H83) -> 28.800189 | O74: 28.945208 | P74: =H74/O74-1 -> 0.033215601 | Q74: =IF(R74="",NA(),IFERROR((H74+R74*Q$8),NA())) -> #N/A | S74: =IF(P74=T74,1,IF(P74=U74,-1,"")) | T74: =MAX(P65:P83) -> 0.42270151 | U74: =MIN(P65:P83) -> 0.0048487289 | V74: =H74/H62-1 -> -0.31469441 | W74: =(H74/Y73)^W$9-1 -> -0.34201413 | X74: =(H74/Y67)^X$9-1 -> -0.26125838 | Y74: =Y73+(H74-H62)/12 -> 36.373045 | Z74: =Z$11 -> 0.068043152 | AA74: =AA$11 -> 0.26104797 | AB74: =AB$11 -> -0.12496166 | AC74: =[2]Pat!$D74/1000 -> 56.901 | AD74: 0.9799633 | AE74: 0.066212544 | AF74: 69.488725 | AG74: =IF(AD$8="NIV",AC74-AD74,AC74/AD74) -> 58.064419 | AH74: =AG74*AE74+(1-AE74)*AF74 -> 68.732293 | AI74: =IF(AI$9="",AH74,(AH73+2*AH74+AH75)/4) -> 68.950346 | AJ74: =LN(AI74/AI73) -> 0.055613356 | AK74: =IF(AL74="",NA(),IFERROR((AI74+AL74*AK$8),NA())) -> #N/A | AM74: =IF(AI74=AN74,1,IF(AI74=AO74,-1,"")) | AN74: =MAX(AI65:AI83) -> 84.846976 | AO74: =MIN(AI65:AI83) -> 60.999653 | AP74: 62.596847 | AQ74: =AI74/AP74-1 -> 0.1014987 | AR74: =IF(AS74="",NA(),IFERROR((AI74+AS74*AR$8),NA())) -> #N/A | AT74: =IF(AQ74=AU74,1,IF(AQ74=AV74,-1,"")) | AU74: =MAX(AQ65:AQ83) -> 0.35927614 | AV74: =MIN(AQ65:AQ83) -> -0.025441047 | AW74: =AI74/AI62-1 -> -0.012126513 | AX74: =(AI74/AZ73)^AX$9-1 -> 0.098582672 | AY74: =(AI74/AZ67)^AY$9-1 -> -0.0061994233 | AZ74: =AZ73+(AI74-AI62)/12 -> 65.45623 | BA74: =BA$11 -> 0.047029155 | BB74: =BB$11 -> 0.12857351 | BC74: =BC$11 -> -0.034515204 | CE74: =[3]OUTM!M74 -> 98.255568 | CF74: =[1]OUTM!$T362 -> 1 | CG74: =[1]OUTM!$U362 -> 0
A75: 1999.05 | B75: =[2]Pat!$B75/1000 -> 24.237 | C75: 0.89789762 | D75: 0.70961321 | E75: 30.295884 | F75: =IF(C$8="NIV",B75-C75,B75/C75) -> 26.993055 | G75: =D75*F75+(1-D75)*E75 -> 27.952153 | H75: =IF(H$9="",G75,(G74+2*G75+G76)/4) -> 28.800189 | I75: =LN(H75/H74) -> -0.037698609 | J75: =IF(K75="",NA(),IFERROR((H75+K75*J$8),NA())) -> 25.800189 | K75: -1 | L75: =IF(H75=M75,1,IF(H75=N75,-1,"")) -> -1 | M75: =MAX(H66:H84) -> 40.448309 | N75: =MIN(H66:H84) -> 28.800189 | O75: 28.661218 | P75: =H75/O75-1 -> 0.0048487289 | Q75: =IF(R75="",NA(),IFERROR((H75+R75*Q$8),NA())) -> 25.800189 | R75: -1 | S75: =IF(P75=T75,1,IF(P75=U75,-1,"")) -> -1 | T75: =MAX(P66:P84) -> 0.42270151 | U75: =MIN(P66:P84) -> 0.0048487289 | V75: =H75/H63-1 -> -0.33798057 | W75: =(H75/Y74)^W$9-1 -> -0.35012634 | X75: =(H75/Y68)^X$9-1 -> -0.28366436 | Y75: =Y74+(H75-H63)/12 -> 35.147766 | Z75: =Z$11 -> 0.068043152 | AA75: =AA$11 -> 0.26104797 | AB75: =AB$11 -> -0.12496166 | AC75: =[2]Pat!$D75/1000 -> 63.063 | AD75: 0.85542265 | AE75: 1 | AF75: 73.467927 | AG75: =IF(AD$8="NIV",AC75-AD75,AC75/AD75) -> 73.721452 | AH75: =AG75*AE75+(1-AE75)*AF75 -> 73.721452 | AI75: =IF(AI$9="",AH75,(AH74+2*AH75+AH76)/4) -> 74.366911 | AJ75: =LN(AI75/AI74) -> 0.07562448 | AK75: =IF(AL75="",NA(),IFERROR((AI75+AL75*AK$8),NA())) -> #N/A | AM75: =IF(AI75=AN75,1,IF(AI75=AO75,-1,"")) | AN75: =MAX(AI66:AI84) -> 84.846976 | AO75: =MIN(AI66:AI84) -> 60.999653 | AP75: 62.583923 | AQ75: =AI75/AP75-1 -> 0.18827499 | AR75: =IF(AS75="",NA(),IFERROR((AI75+AS75*AR$8),NA())) -> #N/A | AT75: =IF(AQ75=AU75,1,IF(AQ75=AV75,-1,"")) | AU75: =MAX(AQ66:AQ84) -> 0.35927614 | AV75: =MIN(AQ66:AQ84) -> -0.025441047 | AW75: =AI75/AI63-1 -> 0.07750362 | AX75: =(AI75/AZ74)^AX$9-1 -> 0.26569775 | AY75: =(AI75/AZ68)^AY$9-1 -> 0.079814416 | AZ75: =AZ74+(AI75-AI63)/12 -> 65.901991 | BA75: =BA$11 -> 0.047029155 | BB75: =BB$11 -> 0.12857351 | BC75: =BC$11 -> -0.034515204 | CE75: =[3]OUTM!M75 -> 93.413253 | CF75: =[1]OUTM!$T363 -> 1 | CG75: =[1]OUTM!$U363 -> 0
A76: 1999.06 | B76: =[2]Pat!$B76/1000 -> 28.334 | C76: 0.94082417 | D76: 1 | E76: 31.097329 | F76: =IF(C$8="NIV",B76-C76,B76/C76) -> 30.116148 | G76: =D76*F76+(1-D76)*E76 -> 30.116148 | H76: =IF(H$9="",G76,(G75+2*G76+G77)/4) -> 30.239465 | I76: =LN(H76/H75) -> 0.048765926 | J76: =IF(K76="",NA(),IFERROR((H76+K76*J$8),NA())) -> #N/A | L76: =IF(H76=M76,1,IF(H76=N76,-1,"")) | M76: =MAX(H67:H85) -> 38.256546 | N76: =MIN(H67:H85) -> 28.800189 | O76: 28.372338 | P76: =H76/O76-1 -> 0.065808021 | Q76: =IF(R76="",NA(),IFERROR((H76+R76*Q$8),NA())) -> #N/A | S76: =IF(P76=T76,1,IF(P76=U76,-1,"")) | T76: =MAX(P67:P85) -> 0.42270151 | U76: =MIN(P67:P85) -> 0.0048487289 | V76: =H76/H64-1 -> -0.29695845 | W76: =(H76/Y75)^W$9-1 -> -0.24246526 | X76: =(H76/Y69)^X$9-1 -> -0.24330693 | Y76: =Y75+(H76-H64)/12 -> 34.083359 | Z76: =Z$11 -> 0.068043152 | AA76: =AA$11 -> 0.26104797 | AB76: =AB$11 -> -0.12496166 | AC76: =[2]Pat!$D76/1000 -> 78.618 | AD76: 0.96710093 | AE76: 1 | AF76: 77.424225 | AG76: =IF(AD$8="NIV",AC76-AD76,AC76/AD76) -> 81.292446 | AH76: =AG76*AE76+(1-AE76)*AF76 -> 81.292446 | AI76: =IF(AI$9="",AH76,(AH75+2*AH76+AH77)/4) -> 79.652835 | AJ76: =LN(AI76/AI75) -> 0.068666531 | AK76: =IF(AL76="",NA(),IFERROR((AI76+AL76*AK$8),NA())) -> #N/A | AM76: =IF(AI76=AN76,1,IF(AI76=AO76,-1,"")) | AN76: =MAX(AI67:AI85) -> 84.846976 | AO76: =MIN(AI67:AI85) -> 60.999653 | AP76: 62.564015 | AQ76: =AI76/AP76-1 -> 0.27314135 | AR76: =IF(AS76="",NA(),IFERROR((AI76+AS76*AR$8),NA())) -> #N/A | AT76: =IF(AQ76=AU76,1,IF(AQ76=AV76,-1,"")) | AU76: =MAX(AQ67:AQ85) -> 0.35927614 | AV76: =MIN(AQ67:AQ85) -> -0.025441047 | AW76: =AI76/AI64-1 -> 0.17291003 | AX76: =(AI76/AZ75)^AX$9-1 -> 0.41887277 | AY76: =(AI76/AZ69)^AY$9-1 -> 0.16403154 | AZ76: =AZ75+(AI76-AI64)/12 -> 66.880524 | BA76: =BA$11 -> 0.047029155 | BB76: =BB$11 -> 0.12857351 | BC76: =BC$11 -> -0.034515204 | CE76: =[3]OUTM!M76 -> 93.024428 | CF76: =[1]OUTM!$T364 -> 1 | CG76: =[1]OUTM!$U364 -> 0
A77: 1999.07 | B77: =[2]Pat!$B77/1000 -> 34.183 | C77: 1.0430101 | D77: 1 | E77: 32.850604 | F77: =IF(C$8="NIV",B77-C77,B77/C77) -> 32.773412 | G77: =D77*F77+(1-D77)*E77 -> 32.773412 | H77: =IF(H$9="",G77,(G76+2*G77+G78)/4) -> 32.786417 | I77: =LN(H77/H76) -> 0.080866444 | J77: =IF(K77="",NA(),IFERROR((H77+K77*J$8),NA())) -> #N/A | L77: =IF(H77=M77,1,IF(H77=N77,-1,"")) | M77: =MAX(H68:H86) -> 38.256546 | N77: =MIN(H68:H86) -> 28.800189 | O77: 28.078887 | P77: =H77/O77-1 -> 0.16765374 | Q77: =IF(R77="",NA(),IFERROR((H77+R77*Q$8),NA())) -> #N/A | S77: =IF(P77=T77,1,IF(P77=U77,-1,"")) | T77: =MAX(P68:P86) -> 0.42270151 | U77: =MIN(P68:P86) -> 0.0048487289 | V77: =H77/H65-1 -> -0.22455767 | W77: =(H77/Y76)^W$9-1 -> -0.069116781 | X77: =(H77/Y70)^X$9-1 -> -0.17207852 | Y77: =Y76+(H77-H65)/12 -> 33.29215 | Z77: =Z$11 -> 0.068043152 | AA77: =AA$11 -> 0.26104797 | AB77: =AB$11 -> -0.12496166 | AC77: =[2]Pat!$D77/1000 -> 89.589 | AD77: 1.0885002 | AE77: 1 | AF77: 80.623295 | AG77: =IF(AD$8="NIV",AC77-AD77,AC77/AD77) -> 82.304995 | AH77: =AG77*AE77+(1-AE77)*AF77 -> 82.304995 | AI77: =IF(AI$9="",AH77,(AH76+2*AH77+AH78)/4) -> 80.436592 | AJ77: =LN(AI77/AI76) -> 0.0097915713 | AK77: =IF(AL77="",NA(),IFERROR((AI77+AL77*AK$8),NA())) -> #N/A | AM77: =IF(AI77=AN77,1,IF(AI77=AO77,-1,"")) | AN77: =MAX(AI68:AI86) -> 84.846976 | AO77: =MIN(AI68:AI86) -> 60.999653 | AP77: 62.537364 | AQ77: =AI77/AP77-1 -> 0.28621655 | AR77: =IF(AS77="",NA(),IFERROR((AI77+AS77*AR$8),NA())) -> #N/A | AT77: =IF(AQ77=AU77,1,IF(AQ77=AV77,-1,"")) | AU77: =MAX(AQ68:AQ86) -> 0.35927614 | AV77: =MIN(AQ68:AQ86) -> -0.025441047 | AW77: =AI77/AI65-1 -> 0.17490145 | AX77: =(AI77/AZ76)^AX$9-1 -> 0.40597181 | AY77: =(AI77/AZ70)^AY$9-1 -> 0.1845914 | AZ77: =AZ76+(AI77-AI65)/12 -> 67.878372 | BA77: =BA$11 -> 0.047029155 | BB77: =BB$11 -> 0.12857351 | BC77: =BC$11 -> -0.034515204 | CE77: =[3]OUTM!M77 -> 92.918193 | CF77: =[1]OUTM!$T365 -> 1 | CG77: =[1]OUTM!$U365 -> 0
A78: 1999.08 | B78: =[2]Pat!$B78/1000 -> 37.205 | C78: 1.0485393 | D78: 1 | E78: 34.982238 | F78: =IF(C$8="NIV",B78-C78,B78/C78) -> 35.482695 | G78: =D78*F78+(1-D78)*E78 -> 35.482695 | H78: =IF(H$9="",G78,(G77+2*G78+G79)/4) -> 35.419221 | I78: =LN(H78/H77) -> 0.077240325 | J78: =IF(K78="",NA(),IFERROR((H78+K78*J$8),NA())) -> #N/A | L78: =IF(H78=M78,1,IF(H78=N78,-1,"")) | M78: =MAX(H69:H87) -> 38.256546 | N78: =MIN(H69:H87) -> 28.800189 | O78: 27.781194 | P78: =H78/O78-1 -> 0.27493517 | Q78: =IF(R78="",NA(),IFERROR((H78+R78*Q$8),NA())) -> #N/A | S78: =IF(P78=T78,1,IF(P78=U78,-1,"")) | T78: =MAX(P69:P87) -> 0.42270151 | U78: =MIN(P69:P87) -> 0.0048487289 | V78: =H78/H66-1 -> -0.1243337 | W78: =(H78/Y77)^W$9-1 -> 0.12113082 | X78: =(H78/Y71)^X$9-1 -> -0.093256755 | Y78: =Y77+(H78-H66)/12 -> 32.87306 | Z78: =Z$11 -> 0.068043152 | AA78: =AA$11 -> 0.26104797 | AB78: =AB$11 -> -0.12496166 | AC78: =[2]Pat!$D78/1000 -> 83.799 | AD78: 1.1048873 | AE78: 1 | AF78: 82.813281 | AG78: =IF(AD$8="NIV",AC78-AD78,AC78/AD78) -> 75.843932 | AH78: =AG78*AE78+(1-AE78)*AF78 -> 75.843932 | AI78: =IF(AI$9="",AH78,(AH77+2*AH78+AH79)/4) -> 80.389221 | AJ78: =LN(AI78/AI77) -> -0.00058910269 | AK78: =IF(AL78="",NA(),IFERROR((AI78+AL78*AK$8),NA())) -> #N/A | AM78: =IF(AI78=AN78,1,IF(AI78=AO78,-1,"")) | AN78: =MAX(AI69:AI87) -> 84.846976 | AO78: =MIN(AI69:AI87) -> 60.999653 | AP78: 62.504298 | AQ78: =AI78/AP78-1 -> 0.28613909 | AR78: =IF(AS78="",NA(),IFERROR((AI78+AS78*AR$8),NA())) -> #N/A | AT78: =IF(AQ78=AU78,1,IF(AQ78=AV78,-1,"")) | AU78: =MAX(AQ69:AQ87) -> 0.35927614 | AV78: =MIN(AQ69:AQ87) -> -0.025441047 | AW78: =AI78/AI66-1 -> 0.17027808 | AX78: =(AI78/AZ77)^AX$9-1 -> 0.36656497 | AY78: =(AI78/AZ71)^AY$9-1 -> 0.19740942 | AZ78: =AZ77+(AI78-AI66)/12 -> 68.853106 | BA78: =BA$11 -> 0.047029155 | BB78: =BB$11 -> 0.12857351 | BC78: =BC$11 -> -0.034515204 | CE78: =[3]OUTM!M78 -> 92.963675 | CF78: =[1]OUTM!$T366 -> 1 | CG78: =[1]OUTM!$U366 -> 0
A79: 1999.09 | B79: =[2]Pat!$B79/1000 -> 41.471 | C79: 1.0931233 | D79: 1 | E79: 36.746231 | F79: =IF(C$8="NIV",B79-C79,B79/C79) -> 37.938081 | G79: =D79*F79+(1-D79)*E79 -> 37.938081 | H79: =IF(H$9="",G79,(G78+2*G79+G80)/4) -> 37.308492 | I79: =LN(H79/H78) -> 0.051966324 | J79: =IF(K79="",NA(),IFERROR((H79+K79*J$8),NA())) -> #N/A | L79: =IF(H79=M79,1,IF(H79=N79,-1,"")) | M79: =MAX(H70:H88) -> 38.256546 | N79: =MIN(H70:H88) -> 28.800189 | O79: 27.479613 | P79: =H79/O79-1 -> 0.35767891 | Q79: =IF(R79="",NA(),IFERROR((H79+R79*Q$8),NA())) -> #N/A | S79: =IF(P79=T79,1,IF(P79=U79,-1,"")) | T79: =MAX(P70:P88) -> 0.42270151 | U79: =MIN(P70:P88) -> 0.0048487289 | V79: =H79/H67-1 -> -0.0058795311 | W79: =(H79/Y78)^W$9-1 -> 0.2632188 | X79: =(H79/Y72)^X$9-1 -> -0.028098417 | Y79: =Y78+(H79-H67)/12 -> 32.854672 | Z79: =Z$11 -> 0.068043152 | AA79: =AA$11 -> 0.26104797 | AB79: =AB$11 -> -0.12496166 | AC79: =[2]Pat!$D79/1000 -> 88.991 | AD79: 1.0162964 | AE79: 1 | AF79: 84.039694 | AG79: =IF(AD$8="NIV",AC79-AD79,AC79/AD79) -> 87.564024 | AH79: =AG79*AE79+(1-AE79)*AF79 -> 87.564024 | AI79: =IF(AI$9="",AH79,(AH78+2*AH79+AH80)/4) -> 83.796527 | AJ79: =LN(AI79/AI78) -> 0.041511472 | AK79: =IF(AL79="",NA(),IFERROR((AI79+AL79*AK$8),NA())) -> #N/A | AM79: =IF(AI79=AN79,1,IF(AI79=AO79,-1,"")) | AN79: =MAX(AI70:AI88) -> 84.846976 | AO79: =MIN(AI70:AI88) -> 60.999653 | AP79: 62.46524 | AQ79: =AI79/AP79-1 -> 0.34149052 | AR79: =IF(AS79="",NA(),IFERROR((AI79+AS79*AR$8),NA())) -> #N/A | AT79: =IF(AQ79=AU79,1,IF(AQ79=AV79,-1,"")) | AU79: =MAX(AQ70:AQ88) -> 0.35927614 | AV79: =MIN(AQ70:AQ88) -> -0.025441047 | AW79: =AI79/AI67-1 -> 0.28509008 | AX79: =(AI79/AZ78)^AX$9-1 -> 0.43708188 | AY79: =(AI79/AZ72)^AY$9-1 -> 0.25887198 | AZ79: =AZ78+(AI79-AI67)/12 -> 70.402255 | BA79: =BA$11 -> 0.047029155 | BB79: =BB$11 -> 0.12857351 | BC79: =BC$11 -> -0.034515204 | CE79: =[3]OUTM!M79 -> 92.041374 | CF79: =[1]OUTM!$T367 -> 1 | CG79: =[1]OUTM!$U367 -> 0
A80: 1999.1 | B80: =[2]Pat!$B80/1000 -> 36.238 | C80: 0.9567761 | D80: 1 | E80: 37.618357 | F80: =IF(C$8="NIV",B80-C80,B80/C80) -> 37.87511 | G80: =D80*F80+(1-D80)*E80 -> 37.87511 | H80: =IF(H$9="",G80,(G79+2*G80+G81)/4) -> 38.256546 | I80: =LN(H80/H79) -> 0.02509372 | J80: =IF(K80="",NA(),IFERROR((H80+K80*J$8),NA())) -> 41.256546 | K80: 1 | L80: =IF(H80=M80,1,IF(H80=N80,-1,"")) -> 1 | M80: =MAX(H71:H89) -> 38.256546 | N80: =MIN(H71:H89) -> 27.871415 | O80: 27.174539 | P80: =H80/O80-1 -> 0.40780845 | Q80: =IF(R80="",NA(),IFERROR((H80+R80*Q$8),NA())) -> #N/A | S80: =IF(P80=T80,1,IF(P80=U80,-1,"")) | T80: =MAX(P71:P89) -> 0.42270151 | U80: =MIN(P71:P89) -> 0.0048487289 | V80: =H80/H68-1 -> 0.094188085 | W80: =(H80/Y79)^W$9-1 -> 0.32448391 | X80: =(H80/Y73)^X$9-1 -> 0.018903873 | Y80: =Y79+(H80-H68)/12 -> 33.1291 | Z80: =Z$11 -> 0.068043152 | AA80: =AA$11 -> 0.26104797 | AB80: =AB$11 -> -0.12496166 | AC80: =[2]Pat!$D80/1000 -> 110.669 | AD80: 1.0180996 | AE80: 0 | AF80: 84.21413 | AG80: =IF(AD$8="NIV",AC80-AD80,AC80/AD80) -> 108.70155 | AH80: =AG80*AE80+(1-AE80)*AF80 -> 84.21413 | AI80: =IF(AI$9="",AH80,(AH79+2*AH80+AH81)/4) -> 84.846976 | AJ80: =LN(AI80/AI79) -> 0.012457779 | AK80: =IF(AL80="",NA(),IFERROR((AI80+AL80*AK$8),NA())) -> 89.846976 | AL80: 1 | AM80: =IF(AI80=AN80,1,IF(AI80=AO80,-1,"")) -> 1 | AN80: =MAX(AI71:AI89) -> 84.846976 | AO80: =MIN(AI71:AI89) -> 60.999653 | AP80: 62.420706 | AQ80: =AI80/AP80-1 -> 0.35927614 | AR80: =IF(AS80="",NA(),IFERROR((AI80+AS80*AR$8),NA())) -> 89.846976 | AS80: 1 | AT80: =IF(AQ80=AU80,1,IF(AQ80=AV80,-1,"")) -> 1 | AU80: =MAX(AQ71:AQ89) -> 0.35927614 | AV80: =MIN(AQ71:AQ89) -> -0.025441047 | AW80: =AI80/AI68-1 -> 0.36131336 | AX80: =(AI80/AZ79)^AX$9-1 -> 0.41133591 | AY80: =(AI80/AZ73)^AY$9-1 -> 0.28153051 | AZ80: =AZ79+(AI80-AI68)/12 -> 72.278896 | BA80: =BA$11 -> 0.047029155 | BB80: =BB$11 -> 0.12857351 | BC80: =BC$11 -> -0.034515204 | CE80: =[3]OUTM!M80 -> 91.109642 | CF80: =[1]OUTM!$T368 -> 1 | CG80: =[1]OUTM!$U368 -> 0
A81: 1999.11 | B81: =[2]Pat!$B81/1000 -> 35.223 | C81: 0.89539643 | D81: 1 | E81: 37.421306 | F81: =IF(C$8="NIV",B81-C81,B81/C81) -> 39.337883 | G81: =D81*F81+(1-D81)*E81 -> 39.337883 | H81: =IF(H$9="",G81,(G80+2*G81+G82)/4) -> 38.22289 | I81: =LN(H81/H80) -> -0.00088013862 | J81: =IF(K81="",NA(),IFERROR((H81+K81*J$8),NA())) -> #N/A | L81: =IF(H81=M81,1,IF(H81=N81,-1,"")) | M81: =MAX(H72:H90) -> 38.256546 | N81: =MIN(H72:H90) -> 27.011336 | O81: 26.866415 | P81: =H81/O81-1 -> 0.42270151 | Q81: =IF(R81="",NA(),IFERROR((H81+R81*Q$8),NA())) -> 41.22289 | R81: 1 | S81: =IF(P81=T81,1,IF(P81=U81,-1,"")) -> 1 | T81: =MAX(P72:P90) -> 0.42270151 | U81: =MIN(P72:P90) -> 0.0048487289 | V81: =H81/H69-1 -> 0.14268769 | W81: =(H81/Y80)^W$9-1 -> 0.30218227 | X81: =(H81/Y74)^X$9-1 -> 0.04877446 | Y81: =Y80+(H81-H69)/12 -> 33.526842 | Z81: =Z$11 -> 0.068043152 | AA81: =AA$11 -> 0.26104797 | AB81: =AB$11 -> -0.12496166 | AC81: =[2]Pat!$D81/1000 -> 74.636 | AD81: 1.1209334 | AE81: 0 | AF81: 83.395618 | AG81: =IF(AD$8="NIV",AC81-AD81,AC81/AD81) -> 66.583797 | AH81: =AG81*AE81+(1-AE81)*AF81 -> 83.395618 | AI81: =IF(AI$9="",AH81,(AH80+2*AH81+AH82)/4) -> 82.474285 | AJ81: =LN(AI81/AI80) -> -0.028362797 | AK81: =IF(AL81="",NA(),IFERROR((AI81+AL81*AK$8),NA())) -> #N/A | AM81: =IF(AI81=AN81,1,IF(AI81=AO81,-1,"")) | AN81: =MAX(AI72:AI90) -> 84.846976 | AO81: =MIN(AI72:AI90) -> 61.978568 | AP81: 62.37132 | AQ81: =AI81/AP81-1 -> 0.32231104 | AR81: =IF(AS81="",NA(),IFERROR((AI81+AS81*AR$8),NA())) -> #N/A | AT81: =IF(AQ81=AU81,1,IF(AQ81=AV81,-1,"")) | AU81: =MAX(AQ72:AQ90) -> 0.35927614 | AV81: =MIN(AQ72:AQ90) -> -0.008225263 | AW81: =AI81/AI69-1 -> 0.29992907 | AX81: =(AI81/AZ80)^AX$9-1 -> 0.27584417 | AY81: =(AI81/AZ74)^AY$9-1 -> 0.24839744 | AZ81: =AZ80+(AI81-AI69)/12 -> 73.864651 | BA81: =BA$11 -> 0.047029155 | BB81: =BB$11 -> 0.12857351 | BC81: =BC$11 -> -0.034515204 | CE81: =[3]OUTM!M81 -> 91.945556 | CF81: =[1]OUTM!$T369 -> 1 | CG81: =[1]OUTM!$U369 -> 0
A82: 1999.12 | B82: =[2]Pat!$B82/1000 -> 27.583 | C82: 0.64215187 | D82: 0 | E82: 36.340683 | F82: =IF(C$8="NIV",B82-C82,B82/C82) -> 42.954013 | G82: =D82*F82+(1-D82)*E82 -> 36.340683 | H82: =IF(H$9="",G82,(G81+2*G82+G83)/4) -> 35.770405 | I82: =LN(H82/H81) -> -0.066313656 | J82: =IF(K82="",NA(),IFERROR((H82+K82*J$8),NA())) -> #N/A | L82: =IF(H82=M82,1,IF(H82=N82,-1,"")) | M82: =MAX(H73:H91) -> 38.256546 | N82: =MIN(H73:H91) -> 26.871358 | O82: 26.555744 | P82: =H82/O82-1 -> 0.34699315 | Q82: =IF(R82="",NA(),IFERROR((H82+R82*Q$8),NA())) -> #N/A | S82: =IF(P82=T82,1,IF(P82=U82,-1,"")) | T82: =MAX(P73:P91) -> 0.42270151 | U82: =MIN(P73:P91) -> 0.0048487289 | V82: =H82/H70-1 -> 0.089577964 | W82: =(H82/Y81)^W$9-1 -> 0.12702761 | X82: =(H82/Y75)^X$9-1 -> 0.017000331 | Y82: =Y81+(H82-H70)/12 -> 33.771909 | Z82: =Z$11 -> 0.068043152 | AA82: =AA$11 -> 0.26104797 | AB82: =AB$11 -> -0.12496166 | AC82: =[2]Pat!$D82/1000 -> 79.954 | AD82: 1.0134643 | AE82: 1 | AF82: 81.483427 | AG82: =IF(AD$8="NIV",AC82-AD82,AC82/AD82) -> 78.891775 | AH82: =AG82*AE82+(1-AE82)*AF82 -> 78.891775 | AI82: =IF(AI$9="",AH82,(AH81+2*AH82+AH83)/4) -> 79.876185 | AJ82: =LN(AI82/AI81) -> -0.032008796 | AK82: =IF(AL82="",NA(),IFERROR((AI82+AL82*AK$8),NA())) -> #N/A | AM82: =IF(AI82=AN82,1,IF(AI82=AO82,-1,"")) | AN82: =MAX(AI73:AI91) -> 84.846976 | AO82: =MIN(AI73:AI91) -> 56.944259 | AP82: 62.317827 | AQ82: =AI82/AP82-1 -> 0.28175499 | AR82: =IF(AS82="",NA(),IFERROR((AI82+AS82*AR$8),NA())) -> #N/A | AT82: =IF(AQ82=AU82,1,IF(AQ82=AV82,-1,"")) | AU82: =MAX(AQ73:AQ91) -> 0.35927614 | AV82: =MIN(AQ73:AQ91) -> -0.078773709 | AW82: =AI82/AI70-1 -> 0.26474703 | AX82: =(AI82/AZ81)^AX$9-1 -> 0.15540312 | AY82: =(AI82/AZ75)^AY$9-1 -> 0.20275739 | AZ82: =AZ81+(AI82-AI70)/12 -> 75.258012 | BA82: =BA$11 -> 0.047029155 | BB82: =BB$11 -> 0.12857351 | BC82: =BC$11 -> -0.034515204 | CE82: =[3]OUTM!M82 -> 94.307857 | CF82: =[1]OUTM!$T370 -> 1 | CG82: =[1]OUTM!$U370 -> 0
A83: 2000.01 | B83: =[2]Pat!$B83/1000 -> 46.926 | C83: 1.5647748 | D83: 0.77602305 | E83: 34.781406 | F83: =IF(C$8="NIV",B83-C83,B83/C83) -> 29.98898 | G83: =D83*F83+(1-D83)*E83 -> 31.062373 | H83: =IF(H$9="",G83,(G82+2*G83+G84)/4) -> 33.493058 | I83: =LN(H83/H82) -> -0.065782688 | J83: =IF(K83="",NA(),IFERROR((H83+K83*J$8),NA())) -> #N/A | L83: =IF(H83=M83,1,IF(H83=N83,-1,"")) | M83: =MAX(H74:H92) -> 38.256546 | N83: =MIN(H74:H92) -> 26.621593 | O83: 26.243087 | P83: =H83/O83-1 -> 0.27626215 | Q83: =IF(R83="",NA(),IFERROR((H83+R83*Q$8),NA())) -> #N/A | S83: =IF(P83=T83,1,IF(P83=U83,-1,"")) | T83: =MAX(P74:P92) -> 0.42270151 | U83: =MIN(P74:P92) -> 0.0048487289 | V83: =H83/H71-1 -> 0.010773105 | W83: =(H83/Y82)^W$9-1 -> -0.015190212 | X83: =(H83/Y76)^X$9-1 -> -0.01663235 | Y83: =Y82+(H83-H71)/12 -> 33.801657 | Z83: =Z$11 -> 0.068043152 | AA83: =AA$11 -> 0.26104797 | AB83: =AB$11 -> -0.12496166 | AC83: =[2]Pat!$D83/1000 -> 107.603 | AD83: 0.95262063 | AE83: 0 | AF83: 78.325574 | AG83: =IF(AD$8="NIV",AC83-AD83,AC83/AD83) -> 112.95472 | AH83: =AG83*AE83+(1-AE83)*AF83 -> 78.325574 | AI83: =IF(AI$9="",AH83,(AH82+2*AH83+AH84)/4) -> 76.772521 | AJ83: =LN(AI83/AI82) -> -0.03963098 | AK83: =IF(AL83="",NA(),IFERROR((AI83+AL83*AK$8),NA())) -> #N/A | AM83: =IF(AI83=AN83,1,IF(AI83=AO83,-1,"")) | AN83: =MAX(AI74:AI92) -> 84.846976 | AO83: =MIN(AI74:AI92) -> 55.449046 | AP83: 62.261072 | AQ83: =AI83/AP83-1 -> 0.23307419 | AR83: =IF(AS83="",NA(),IFERROR((AI83+AS83*AR$8),NA())) -> #N/A | AT83: =IF(AQ83=AU83,1,IF(AQ83=AV83,-1,"")) | AU83: =MAX(AQ74:AQ92) -> 0.35927614 | AV83: =MIN(AQ74:AQ92) -> -0.1024055 | AW83: =AI83/AI71-1 -> 0.25857307 | AX83: =(AI83/AZ82)^AX$9-1 -> 0.037468411 | AY83: =(AI83/AZ76)^AY$9-1 -> 0.1415893 | AZ83: =AZ82+(AI83-AI71)/12 -> 76.572417 | BA83: =BA$11 -> 0.047029155 | BB83: =BB$11 -> 0.12857351 | BC83: =BC$11 -> -0.034515204 | CE83: =[3]OUTM!M83 -> 94.739181 | CF83: =[1]OUTM!$T371 -> 1 | CG83: =[1]OUTM!$U371 -> 0
A84: 2000.02 | B84: =[2]Pat!$B84/1000 -> 32.798 | C84: 0.92371029 | D84: 1 | E84: 33.12216 | F84: =IF(C$8="NIV",B84-C84,B84/C84) -> 35.506804 | G84: =D84*F84+(1-D84)*E84 -> 35.506804 | H84: =IF(H$9="",G84,(G83+2*G84+G85)/4) -> 33.408359 | I84: =LN(H84/H83) -> -0.0025320668 | J84: =IF(K84="",NA(),IFERROR((H84+K84*J$8),NA())) -> #N/A | L84: =IF(H84=M84,1,IF(H84=N84,-1,"")) | M84: =MAX(H75:H93) -> 38.256546 | N84: =MIN(H75:H93) -> 26.516437 | O84: 25.929052 | P84: =H84/O84-1 -> 0.28845278 | Q84: =IF(R84="",NA(),IFERROR((H84+R84*Q$8),NA())) -> #N/A | S84: =IF(P84=T84,1,IF(P84=U84,-1,"")) | T84: =MAX(P75:P93) -> 0.42270151 | U84: =MIN(P75:P93) -> 0.0048487289 | V84: =H84/H72-1 -> 0.0047256056 | W84: =(H84/Y83)^W$9-1 -> -0.021375076 | X84: =(H84/Y77)^X$9-1 -> 0.0033507106 | Y84: =Y83+(H84-H72)/12 -> 33.814752 | Z84: =Z$11 -> 0.068043152 | AA84: =AA$11 -> 0.26104797 | AB84: =AB$11 -> -0.12496166 | AC84: =[2]Pat!$D84/1000 -> 64.306 | AD84: 0.99086644 | AE84: 0.28783698 | AF84: 74.234263 | AG84: =IF(AD$8="NIV",AC84-AD84,AC84/AD84) -> 64.898757 | AH84: =AG84*AE84+(1-AE84)*AF84 -> 71.547159 | AI84: =IF(AI$9="",AH84,(AH83+2*AH84+AH85)/4) -> 73.075591 | AJ84: =LN(AI84/AI83) -> -0.049352379 | AK84: =IF(AL84="",NA(),IFERROR((AI84+AL84*AK$8),NA())) -> #N/A | AM84: =IF(AI84=AN84,1,IF(AI84=AO84,-1,"")) | AN84: =MAX(AI75:AI93) -> 84.846976 | AO84: =MIN(AI75:AI93) -> 55.449046 | AP84: 62.201993 | AQ84: =AI84/AP84-1 -> 0.17481108 | AR84: =IF(AS84="",NA(),IFERROR((AI84+AS84*AR$8),NA())) -> #N/A | AT84: =IF(AQ84=AU84,1,IF(AQ84=AV84,-1,"")) | AU84: =MAX(AQ75:AQ93) -> 0.35927614 | AV84: =MIN(AQ75:AQ93) -> -0.1024055 | AW84: =AI84/AI72-1 -> 0.17700319 | AX84: =(AI84/AZ83)^AX$9-1 -> -0.08267541 | AY84: =(AI84/AZ77)^AY$9-1 -> 0.073394295 | AZ84: =AZ83+(AI84-AI72)/12 -> 77.488204 | BA84: =BA$11 -> 0.047029155 | BB84: =BB$11 -> 0.12857351 | BC84: =BC$11 -> -0.034515204 | CE84: =[3]OUTM!M84 -> 91.237825 | CF84: =[1]OUTM!$T372 -> 1 | CG84: =[1]OUTM!$U372 -> 0
A85: 2000.03 | B85: =[2]Pat!$B85/1000 -> 32.504 | C85: 1.0299944 | D85: 1 | E85: 31.610975 | F85: =IF(C$8="NIV",B85-C85,B85/C85) -> 31.557454 | G85: =D85*F85+(1-D85)*E85 -> 31.557454 | H85: =IF(H$9="",G85,(G84+2*G85+G86)/4) -> 32.121735 | I85: =LN(H85/H84) -> -0.039273216 | J85: =IF(K85="",NA(),IFERROR((H85+K85*J$8),NA())) -> #N/A | L85: =IF(H85=M85,1,IF(H85=N85,-1,"")) | M85: =MAX(H76:H94) -> 38.256546 | N85: =MIN(H76:H94) -> 25.417496 | O85: 25.614286 | P85: =H85/O85-1 -> 0.25405547 | Q85: =IF(R85="",NA(),IFERROR((H85+R85*Q$8),NA())) -> #N/A | S85: =IF(P85=T85,1,IF(P85=U85,-1,"")) | T85: =MAX(P76:P94) -> 0.42270151 | U85: =MIN(P76:P94) -> 0.065808021 | V85: =H85/H73-1 -> -0.0013555442 | W85: =(H85/Y84)^W$9-1 -> -0.090469065 | X85: =(H85/Y78)^X$9-1 -> -0.021951216 | Y85: =Y84+(H85-H73)/12 -> 33.811118 | Z85: =Z$11 -> 0.068043152 | AA85: =AA$11 -> 0.26104797 | AB85: =AB$11 -> -0.12496166 | AC85: =[2]Pat!$D85/1000 -> 70.942 | AD85: 1.0008398 | AE85: 1 | AF85: 70.237088 | AG85: =IF(AD$8="NIV",AC85-AD85,AC85/AD85) -> 70.88247 | AH85: =AG85*AE85+(1-AE85)*AF85 -> 70.88247 | AI85: =IF(AI$9="",AH85,(AH84+2*AH85+AH86)/4) -> 69.943646 | AJ85: =LN(AI85/AI84) -> -0.043804526 | AK85: =IF(AL85="",NA(),IFERROR((AI85+AL85*AK$8),NA())) -> #N/A | AM85: =IF(AI85=AN85,1,IF(AI85=AO85,-1,"")) | AN85: =MAX(AI76:AI94) -> 84.846976 | AO85: =MIN(AI76:AI94) -> 55.449046 | AP85: 62.141604 | AQ85: =AI85/AP85-1 -> 0.12555264 | AR85: =IF(AS85="",NA(),IFERROR((AI85+AS85*AR$8),NA())) -> #N/A | AT85: =IF(AQ85=AU85,1,IF(AQ85=AV85,-1,"")) | AU85: =MAX(AQ76:AQ94) -> 0.35927614 | AV85: =MIN(AQ76:AQ94) -> -0.1024055 | AW85: =AI85/AI73-1 -> 0.072418746 | AX85: =(AI85/AZ84)^AX$9-1 -> -0.17230649 | AY85: =(AI85/AZ78)^AY$9-1 -> 0.01520032 | AZ85: =AZ84+(AI85-AI73)/12 -> 77.881803 | BA85: =BA$11 -> 0.047029155 | BB85: =BB$11 -> 0.12857351 | BC85: =BC$11 -> -0.034515204 | CE85: =[3]OUTM!M85 -> 87.490561 | CF85: =[1]OUTM!$T373 -> 1 | CG85: =[1]OUTM!$U373 -> 0
A86: 2000.04 | B86: =[2]Pat!$B86/1000 -> 26.641 | C86: 0.89204071 | D86: 1 | E86: 30.350985 | F86: =IF(C$8="NIV",B86-C86,B86/C86) -> 29.865229 | G86: =D86*F86+(1-D86)*E86 -> 29.865229 | H86: =IF(H$9="",G86,(G85+2*G86+G87)/4) -> 29.853003 | I86: =LN(H86/H85) -> -0.073247491 | J86: =IF(K86="",NA(),IFERROR((H86+K86*J$8),NA())) -> #N/A | L86: =IF(H86=M86,1,IF(H86=N86,-1,"")) | M86: =MAX(H77:H95) -> 38.256546 | N86: =MIN(H77:H95) -> 22.152379 | O86: 25.299475 | P86: =H86/O86-1 -> 0.17998507 | Q86: =IF(R86="",NA(),IFERROR((H86+R86*Q$8),NA())) -> #N/A | S86: =IF(P86=T86,1,IF(P86=U86,-1,"")) | T86: =MAX(P77:P95) -> 0.42270151 | U86: =MIN(P77:P95) -> -0.019362991 | V86: =H86/H74-1 -> -0.0017935155 | W86: =(H86/Y85)^W$9-1 -> -0.2053504 | X86: =(H86/Y79)^X$9-1 -> -0.087873129 | Y86: =Y85+(H86-H74)/12 -> 33.806648 | Z86: =Z$11 -> 0.068043152 | AA86: =AA$11 -> 0.26104797 | AB86: =AB$11 -> -0.12496166 | AC86: =[2]Pat!$D86/1000 -> 54.093 | AD86: 0.81388768 | AE86: 1 | AF86: 67.080444 | AG86: =IF(AD$8="NIV",AC86-AD86,AC86/AD86) -> 66.462487 | AH86: =AG86*AE86+(1-AE86)*AF86 -> 66.462487 | AI86: =IF(AI$9="",AH86,(AH85+2*AH86+AH87)/4) -> 66.197876 | AJ86: =LN(AI86/AI85) -> -0.055041488 | AK86: =IF(AL86="",NA(),IFERROR((AI86+AL86*AK$8),NA())) -> #N/A | AM86: =IF(AI86=AN86,1,IF(AI86=AO86,-1,"")) | AN86: =MAX(AI77:AI95) -> 84.846976 | AO86: =MIN(AI77:AI95) -> 55.449046 | AP86: 62.080975 | AQ86: =AI86/AP86-1 -> 0.066315023 | AR86: =IF(AS86="",NA(),IFERROR((AI86+AS86*AR$8),NA())) -> #N/A | AT86: =IF(AQ86=AU86,1,IF(AQ86=AV86,-1,"")) | AU86: =MAX(AQ77:AQ95) -> 0.35927614 | AV86: =MIN(AQ77:AQ95) -> -0.1024055 | AW86: =AI86/AI74-1 -> -0.03991959 | AX86: =(AI86/AZ85)^AX$9-1 -> -0.25924189 | AY86: =(AI86/AZ79)^AY$9-1 -> -0.057400544 | AZ86: =AZ85+(AI86-AI74)/12 -> 77.652431 | BA86: =BA$11 -> 0.047029155 | BB86: =BB$11 -> 0.12857351 | BC86: =BC$11 -> -0.034515204 | CE86: =[3]OUTM!M86 -> 85.812468 | CF86: =[1]OUTM!$T374 -> 1 | CG86: =[1]OUTM!$U374 -> 0
A87: 2000.05 | B87: =[2]Pat!$B87/1000 -> 27.58 | C87: 0.98065366 | D87: 1 | E87: 29.320317 | F87: =IF(C$8="NIV",B87-C87,B87/C87) -> 28.124098 | G87: =D87*F87+(1-D87)*E87 -> 28.124098 | H87: =IF(H$9="",G87,(G86+2*G87+G88)/4) -> 29.011784 | I87: =LN(H87/H86) -> -0.028583328 | J87: =IF(K87="",NA(),IFERROR((H87+K87*J$8),NA())) -> #N/A | L87: =IF(H87=M87,1,IF(H87=N87,-1,"")) | M87: =MAX(H78:H96) -> 38.256546 | N87: =MIN(H78:H96) -> 19.206052 | O87: 24.985337 | P87: =H87/O87-1 -> 0.16115239 | Q87: =IF(R87="",NA(),IFERROR((H87+R87*Q$8),NA())) -> #N/A | S87: =IF(P87=T87,1,IF(P87=U87,-1,"")) | T87: =MAX(P78:P96) -> 0.42270151 | U87: =MIN(P78:P96) -> -0.13941488 | V87: =H87/H75-1 -> 0.0073470134 | W87: =(H87/Y86)^W$9-1 -> -0.24601226 | X87: =(H87/Y80)^X$9-1 -> -0.11961992 | Y87: =Y86+(H87-H75)/12 -> 33.824281 | Z87: =Z$11 -> 0.068043152 | AA87: =AA$11 -> 0.26104797 | AB87: =AB$11 -> -0.12496166 | AC87: =[2]Pat!$D87/1000 -> 60.031 | AD87: 0.98437198 | AE87: 1 | AF87: 64.591806 | AG87: =IF(AD$8="NIV",AC87-AD87,AC87/AD87) -> 60.98406 | AH87: =AG87*AE87+(1-AE87)*AF87 -> 60.98406 | AI87: =IF(AI$9="",AH87,(AH86+2*AH87+AH88)/4) -> 62.377499 | AJ87: =LN(AI87/AI86) -> -0.059443764 | AK87: =IF(AL87="",NA(),IFERROR((AI87+AL87*AK$8),NA())) -> #N/A | AM87: =IF(AI87=AN87,1,IF(AI87=AO87,-1,"")) | AN87: =MAX(AI78:AI96) -> 84.846976 | AO87: =MIN(AI78:AI96) -> 55.449046 | AP87: 62.021215 | AQ87: =AI87/AP87-1 -> 0.0057445423 | AR87: =IF(AS87="",NA(),IFERROR((AI87+AS87*AR$8),NA())) -> #N/A | AT87: =IF(AQ87=AU87,1,IF(AQ87=AV87,-1,"")) | AU87: =MAX(AQ78:AQ96) -> 0.35927614 | AV87: =MIN(AQ78:AQ96) -> -0.1024055 | AW87: =AI87/AI75-1 -> -0.16121971 | AX87: =(AI87/AZ86)^AX$9-1 -> -0.33260839 | AY87: =(AI87/AZ80)^AY$9-1 -> -0.13188794 | AZ87: =AZ86+(AI87-AI75)/12 -> 76.653313 | BA87: =BA$11 -> 0.047029155 | BB87: =BB$11 -> 0.12857351 | BC87: =BC$11 -> -0.034515204 | CE87: =[3]OUTM!M87 -> 85.051747 | CF87: =[1]OUTM!$T375 -> 1 | CG87: =[1]OUTM!$U375 -> 0
A88: 2000.06 | B88: =[2]Pat!$B88/1000 -> 28.428 | C88: 0.94969848 | D88: 1 | E88: 28.443533 | F88: =IF(C$8="NIV",B88-C88,B88/C88) -> 29.933711 | G88: =D88*F88+(1-D88)*E88 -> 29.933711 | H88: =IF(H$9="",G88,(G87+2*G88+G89)/4) -> 28.835936 | I88: =LN(H88/H87) -> -0.0060797106 | J88: =IF(K88="",NA(),IFERROR((H88+K88*J$8),NA())) -> #N/A | L88: =IF(H88=M88,1,IF(H88=N88,-1,"")) | M88: =MAX(H79:H97) -> 38.256546 | N88: =MIN(H79:H97) -> 18.175811 | O88: 24.672616 | P88: =H88/O88-1 -> 0.16874253 | Q88: =IF(R88="",NA(),IFERROR((H88+R88*Q$8),NA())) -> #N/A | S88: =IF(P88=T88,1,IF(P88=U88,-1,"")) | T88: =MAX(P79:P97) -> 0.42270151 | U88: =MIN(P79:P97) -> -0.17584932 | V88: =H88/H76-1 -> -0.046413825 | W88: =(H88/Y87)^W$9-1 -> -0.25514515 | X88: =(H88/Y81)^X$9-1 -> -0.13471385 | Y88: =Y87+(H88-H76)/12 -> 33.70732 | Z88: =Z$11 -> 0.068043152 | AA88: =AA$11 -> 0.26104797 | AB88: =AB$11 -> -0.12496166 | AC88: =[2]Pat!$D88/1000 -> 59.005 | AD88: 0.96603784 | AE88: 1 | AF88: 62.571626 | AG88: =IF(AD$8="NIV",AC88-AD88,AC88/AD88) -> 61.079388 | AH88: =AG88*AE88+(1-AE88)*AF88 -> 61.079388 | AI88: =IF(AI$9="",AH88,(AH87+2*AH88+AH89)/4) -> 62.13153 | AJ88: =LN(AI88/AI87) -> -0.0039510209 | AK88: =IF(AL88="",NA(),IFERROR((AI88+AL88*AK$8),NA())) -> #N/A | AM88: =IF(AI88=AN88,1,IF(AI88=AO88,-1,"")) | AN88: =MAX(AI79:AI97) -> 84.846976 | AO88: =MIN(AI79:AI97) -> 55.449046 | AP88: 61.963457 | AQ88: =AI88/AP88-1 -> 0.0027124522 | AR88: =IF(AS88="",NA(),IFERROR((AI88+AS88*AR$8),NA())) -> #N/A | AT88: =IF(AQ88=AU88,1,IF(AQ88=AV88,-1,"")) | AU88: =MAX(AQ79:AQ97) -> 0.35927614 | AV88: =MIN(AQ79:AQ97) -> -0.1024055 | AW88: =AI88/AI76-1 -> -0.21997089 | AX88: =(AI88/AZ87)^AX$9-1 -> -0.32142803 | AY88: =(AI88/AZ81)^AY$9-1 -> -0.1530059 | AZ88: =AZ87+(AI88-AI76)/12 -> 75.193204 | BA88: =BA$11 -> 0.047029155 | BB88: =BB$11 -> 0.12857351 | BC88: =BC$11 -> -0.034515204 | CE88: =[3]OUTM!M88 -> 83.837426 | CF88: =[1]OUTM!$T376 -> 1 | CG88: =[1]OUTM!$U376 -> 0
A89: 2000.07 | B89: =[2]Pat!$B89/1000 -> 27.415 | C89: 1.0022951 | D89: 1 | E89: 27.77872 | F89: =IF(C$8="NIV",B89-C89,B89/C89) -> 27.352223 | G89: =D89*F89+(1-D89)*E89 -> 27.352223 | H89: =IF(H$9="",G89,(G88+2*G89+G90)/4) -> 27.871415 | I89: =LN(H89/H88) -> -0.034020762 | J89: =IF(K89="",NA(),IFERROR((H89+K89*J$8),NA())) -> #N/A | L89: =IF(H89=M89,1,IF(H89=N89,-1,"")) | M89: =MAX(H80:H98) -> 38.256546 | N89: =MIN(H80:H98) -> 17.905699 | O89: 24.362076 | P89: =H89/O89-1 -> 0.14404929 | Q89: =IF(R89="",NA(),IFERROR((H89+R89*Q$8),NA())) -> #N/A | S89: =IF(P89=T89,1,IF(P89=U89,-1,"")) | T89: =MAX(P80:P98) -> 0.42270151 | U89: =MIN(P80:P98) -> -0.17864955 | V89: =H89/H77-1 -> -0.14990969 | W89: =(H89/Y88)^W$9-1 -> -0.29600119 | X89: =(H89/Y82)^X$9-1 -> -0.16835252 | Y89: =Y88+(H89-H77)/12 -> 33.297737 | Z89: =Z$11 -> 0.068043152 | AA89: =AA$11 -> 0.26104797 | AB89: =AB$11 -> -0.12496166 | AC89: =[2]Pat!$D89/1000 -> 65.169 | AD89: 0.99672264 | AE89: 1 | AF89: 60.925412 | AG89: =IF(AD$8="NIV",AC89-AD89,AC89/AD89) -> 65.383285 | AH89: =AG89*AE89+(1-AE89)*AF89 -> 65.383285 | AI89: =IF(AI$9="",AH89,(AH88+2*AH89+AH90)/4) -> 63.937907 | AJ89: =LN(AI89/AI88) -> 0.028658809 | AK89: =IF(AL89="",NA(),IFERROR((AI89+AL89*AK$8),NA())) -> #N/A | AM89: =IF(AI89=AN89,1,IF(AI89=AO89,-1,"")) | AN89: =MAX(AI80:AI98) -> 84.846976 | AO89: =MIN(AI80:AI98) -> 55.449046 | AP89: 61.908834 | AQ89: =AI89/AP89-1 -> 0.032775164 | AR89: =IF(AS89="",NA(),IFERROR((AI89+AS89*AR$8),NA())) -> #N/A | AT89: =IF(AQ89=AU89,1,IF(AQ89=AV89,-1,"")) | AU89: =MAX(AQ80:AQ98) -> 0.35927614 | AV89: =MIN(AQ80:AQ98) -> -0.1024055 | AW89: =AI89/AI77-1 -> -0.20511418 | AX89: =(AI89/AZ88)^AX$9-1 -> -0.25870083 | AY89: =(AI89/AZ82)^AY$9-1 -> -0.14485956 | AZ89: =AZ88+(AI89-AI77)/12 -> 73.818314 | BA89: =BA$11 -> 0.047029155 | BB89: =BB$11 -> 0.12857351 | BC89: =BC$11 -> -0.034515204 | CE89: =[3]OUTM!M89 -> 82.384123 | CF89: =[1]OUTM!$T377 -> 1 | CG89: =[1]OUTM!$U377 -> 0
A90: 2000.08 | B90: =[2]Pat!$B90/1000 -> 28.868 | C90: 1.0752583 | D90: 1 | E90: 27.41747 | F90: =IF(C$8="NIV",B90-C90,B90/C90) -> 26.847503 | G90: =D90*F90+(1-D90)*E90 -> 26.847503 | H90: =IF(H$9="",G90,(G89+2*G90+G91)/4) -> 27.011336 | I90: =LN(H90/H89) -> -0.031344993 | J90: =IF(K90="",NA(),IFERROR((H90+K90*J$8),NA())) -> #N/A | L90: =IF(H90=M90,1,IF(H90=N90,-1,"")) | M90: =MAX(H81:H99) -> 38.22289 | N90: =MIN(H81:H99) -> 17.522979 | O90: 24.0545 | P90: =H90/O90-1 -> 0.12292234 | Q90: =IF(R90="",NA(),IFERROR((H90+R90*Q$8),NA())) -> #N/A | S90: =IF(P90=T90,1,IF(P90=U90,-1,"")) | T90: =MAX(P81:P99) -> 0.42270151 | U90: =MIN(P81:P99) -> -0.18714238 | V90: =H90/H78-1 -> -0.23738198 | W90: =(H90/Y89)^W$9-1 -> -0.32041703 | X90: =(H90/Y83)^X$9-1 -> -0.19368684 | Y90: =Y89+(H90-H78)/12 -> 32.59708 | Z90: =Z$11 -> 0.068043152 | AA90: =AA$11 -> 0.26104797 | AB90: =AB$11 -> -0.12496166 | AC90: =[2]Pat!$D90/1000 -> 71.729 | AD90: 1.12242 | AE90: 1 | AF90: 59.605496 | AG90: =IF(AD$8="NIV",AC90-AD90,AC90/AD90) -> 63.905669 | AH90: =AG90*AE90+(1-AE90)*AF90 -> 63.905669 | AI90: =IF(AI$9="",AH90,(AH89+2*AH90+AH91)/4) -> 61.978568 | AJ90: =LN(AI90/AI89) -> -0.031123758 | AK90: =IF(AL90="",NA(),IFERROR((AI90+AL90*AK$8),NA())) -> #N/A | AM90: =IF(AI90=AN90,1,IF(AI90=AO90,-1,"")) | AN90: =MAX(AI81:AI99) -> 82.474285 | AO90: =MIN(AI81:AI99) -> 55.449046 | AP90: 61.858481 | AQ90: =AI90/AP90-1 -> 0.0019413204 | AR90: =IF(AS90="",NA(),IFERROR((AI90+AS90*AR$8),NA())) -> #N/A | AT90: =IF(AQ90=AU90,1,IF(AQ90=AV90,-1,"")) | AU90: =MAX(AQ81:AQ99) -> 0.32231104 | AV90: =MIN(AQ81:AQ99) -> -0.1024055 | AW90: =AI90/AI78-1 -> -0.22901892 | AX90: =(AI90/AZ89)^AX$9-1 -> -0.27583883 | AY90: =(AI90/AZ83)^AY$9-1 -> -0.18371388 | AZ90: =AZ89+(AI90-AI78)/12 -> 72.284093 | BA90: =BA$11 -> 0.047029155 | BB90: =BB$11 -> 0.12857351 | BC90: =BC$11 -> -0.034515204 | CE90: =[3]OUTM!M90 -> 78.663981 | CF90: =[1]OUTM!$T378 -> 1 | CG90: =[1]OUTM!$U378 -> 0
A91: 2000.09 | B91: =[2]Pat!$B91/1000 -> 28.157 | C91: 1.0429247 | D91: 1 | E91: 27.187853 | F91: =IF(C$8="NIV",B91-C91,B91/C91) -> 26.998114 | G91: =D91*F91+(1-D91)*E91 -> 26.998114 | H91: =IF(H$9="",G91,(G90+2*G91+G92)/4) -> 26.871358 | I91: =LN(H91/H90) -> -0.0051956616 | J91: =IF(K91="",NA(),IFERROR((H91+K91*J$8),NA())) -> #N/A | L91: =IF(H91=M91,1,IF(H91=N91,-1,"")) | M91: =MAX(H82:H100) -> 35.770405 | N91: =MIN(H82:H100) -> 17.397354 | O91: 23.750694 | P91: =H91/O91-1 -> 0.13139253 | Q91: =IF(R91="",NA(),IFERROR((H91+R91*Q$8),NA())) -> #N/A | S91: =IF(P91=T91,1,IF(P91=U91,-1,"")) | T91: =MAX(P82:P100) -> 0.34699315 | U91: =MIN(P82:P100) -> -0.18714238 | V91: =H91/H79-1 -> -0.27975222 | W91: =(H91/Y90)^W$9-1 -> -0.29995194 | X91: =(H91/Y84)^X$9-1 -> -0.19799684 | Y91: =Y90+(H91-H79)/12 -> 31.727319 | Z91: =Z$11 -> 0.068043152 | AA91: =AA$11 -> 0.26104797 | AB91: =AB$11 -> -0.12496166 | AC91: =[2]Pat!$D91/1000 -> 60.886 | AD91: 1.1126899 | AE91: 1 | AF91: 58.744395 | AG91: =IF(AD$8="NIV",AC91-AD91,AC91/AD91) -> 54.719649 | AH91: =AG91*AE91+(1-AE91)*AF91 -> 54.719649 | AI91: =IF(AI$9="",AH91,(AH90+2*AH91+AH92)/4) -> 56.944259 | AJ91: =LN(AI91/AI90) -> -0.084715761 | AK91: =IF(AL91="",NA(),IFERROR((AI91+AL91*AK$8),NA())) -> #N/A | AM91: =IF(AI91=AN91,1,IF(AI91=AO91,-1,"")) | AN91: =MAX(AI82:AI100) -> 79.876185 | AO91: =MIN(AI82:AI100) -> 51.413019 | AP91: 61.813541 | AQ91: =AI91/AP91-1 -> -0.078773709 | AR91: =IF(AS91="",NA(),IFERROR((AI91+AS91*AR$8),NA())) -> #N/A | AT91: =IF(AQ91=AU91,1,IF(AQ91=AV91,-1,"")) | AU91: =MAX(AQ82:AQ100) -> 0.28175499 | AV91: =MIN(AQ82:AQ100) -> -0.16854086 | AW91: =AI91/AI79-1 -> -0.32044607 | AX91: =(AI91/AZ90)^AX$9-1 -> -0.3561988 | AY91: =(AI91/AZ84)^AY$9-1 -> -0.25601226 | AZ91: =AZ90+(AI91-AI79)/12 -> 70.046404 | BA91: =BA$11 -> 0.047029155 | BB91: =BB$11 -> 0.12857351 | BC91: =BC$11 -> -0.034515204 | CE91: =[3]OUTM!M91 -> 76.681311 | CF91: =[1]OUTM!$T379 -> 1 | CG91: =[1]OUTM!$U379 -> 0
A92: 2000.1 | B92: =[2]Pat!$B92/1000 -> 33.588 | C92: 0.99719301 | D92: 0 | E92: 26.641702 | F92: =IF(C$8="NIV",B92-C92,B92/C92) -> 33.682546 | G92: =D92*F92+(1-D92)*E92 -> 26.641702 | H92: =IF(H$9="",G92,(G91+2*G92+G93)/4) -> 26.621593 | I92: =LN(H92/H91) -> -0.0093383072 | J92: =IF(K92="",NA(),IFERROR((H92+K92*J$8),NA())) -> #N/A | L92: =IF(H92=M92,1,IF(H92=N92,-1,"")) | M92: =MAX(H83:H101) -> 33.493058 | N92: =MIN(H83:H101) -> 17.397354 | O92: 23.451476 | P92: =H92/O92-1 -> 0.13517771 | Q92: =IF(R92="",NA(),IFERROR((H92+R92*Q$8),NA())) -> #N/A | S92: =IF(P92=T92,1,IF(P92=U92,-1,"")) | T92: =MAX(P83:P101) -> 0.28845278 | U92: =MIN(P83:P101) -> -0.18714238 | V92: =H92/H80-1 -> -0.30412972 | W92: =(H92/Y91)^W$9-1 -> -0.27669026 | X92: =(H92/Y85)^X$9-1 -> -0.20507248 | Y92: =Y91+(H92-H80)/12 -> 30.757739 | Z92: =Z$11 -> 0.068043152 | AA92: =AA$11 -> 0.26104797 | AB92: =AB$11 -> -0.12496166 | AC92: =[2]Pat!$D92/1000 -> 57.814 | AD92: 1.0621312 | AE92: 1 | AF92: 58.392947 | AG92: =IF(AD$8="NIV",AC92-AD92,AC92/AD92) -> 54.43207 | AH92: =AG92*AE92+(1-AE92)*AF92 -> 54.43207 | AI92: =IF(AI$9="",AH92,(AH91+2*AH92+AH93)/4) -> 55.449046 | AJ92: =LN(AI92/AI91) -> -0.026608382 | AK92: =IF(AL92="",NA(),IFERROR((AI92+AL92*AK$8),NA())) -> #N/A | AM92: =IF(AI92=AN92,1,IF(AI92=AO92,-1,"")) | AN92: =MAX(AI83:AI101) -> 76.772521 | AO92: =MIN(AI83:AI101) -> 49.429996 | AP92: 61.775162 | AQ92: =AI92/AP92-1 -> -0.1024055 | AR92: =IF(AS92="",NA(),IFERROR((AI92+AS92*AR$8),NA())) -> #N/A | AT92: =IF(AQ92=AU92,1,IF(AQ92=AV92,-1,"")) | AU92: =MAX(AQ83:AQ101) -> 0.23307419 | AV92: =MIN(AQ83:AQ101) -> -0.20150292 | AW92: =AI92/AI80-1 -> -0.34648177 | AX92: =(AI92/AZ91)^AX$9-1 -> -0.35042308 | AY92: =(AI92/AZ85)^AY$9-1 -> -0.27829493 | AZ92: =AZ91+(AI92-AI80)/12 -> 67.596576 | BA92: =BA$11 -> 0.047029155 | BB92: =BB$11 -> 0.12857351 | BC92: =BC$11 -> -0.034515204 | CE92: =[3]OUTM!M92 -> 77.644639 | CF92: =[1]OUTM!$T380 -> 1 | CG92: =[1]OUTM!$U380 -> 0
A93: 2000.11 | B93: =[2]Pat!$B93/1000 -> 23.625 | C93: 0.90155047 | D93: 1 | E93: 25.620587 | F93: =IF(C$8="NIV",B93-C93,B93/C93) -> 26.204856 | G93: =D93*F93+(1-D93)*E93 -> 26.204856 | H93: =IF(H$9="",G93,(G92+2*G93+G94)/4) -> 26.516437 | I93: =LN(H93/H92) -> -0.0039578434 | J93: =IF(K93="",NA(),IFERROR((H93+K93*J$8),NA())) -> #N/A | L93: =IF(H93=M93,1,IF(H93=N93,-1,"")) | M93: =MAX(H84:H102) -> 33.408359 | N93: =MIN(H84:H102) -> 16.701516 | O93: 23.157682 | P93: =H93/O93-1 -> 0.14503852 | Q93: =IF(R93="",NA(),IFERROR((H93+R93*Q$8),NA())) -> #N/A | S93: =IF(P93=T93,1,IF(P93=U93,-1,"")) | T93: =MAX(P84:P102) -> 0.28845278 | U93: =MIN(P84:P102) -> -0.20087987 | V93: =H93/H81-1 -> -0.30626811 | W93: =(H93/Y92)^W$9-1 -> -0.23961201 | X93: =(H93/Y86)^X$9-1 -> -0.20798659 | Y93: =Y92+(H93-H81)/12 -> 29.782202 | Z93: =Z$11 -> 0.068043152 | AA93: =AA$11 -> 0.26104797 | AB93: =AB$11 -> -0.12496166 | AC93: =[2]Pat!$D93/1000 -> 57.331 | AD93: 0.98485902 | AE93: 1 | AF93: 58.63192 | AG93: =IF(AD$8="NIV",AC93-AD93,AC93/AD93) -> 58.212393 | AH93: =AG93*AE93+(1-AE93)*AF93 -> 58.212393 | AI93: =IF(AI$9="",AH93,(AH92+2*AH93+AH94)/4) -> 58.388332 | AJ93: =LN(AI93/AI92) -> 0.051651568 | AK93: =IF(AL93="",NA(),IFERROR((AI93+AL93*AK$8),NA())) -> #N/A | AM93: =IF(AI93=AN93,1,IF(AI93=AO93,-1,"")) | AN93: =MAX(AI84:AI102) -> 73.075591 | AO93: =MIN(AI84:AI102) -> 49.429996 | AP93: 61.744462 | AQ93: =AI93/AP93-1 -> -0.054355165 | AR93: =IF(AS93="",NA(),IFERROR((AI93+AS93*AR$8),NA())) -> #N/A | AT93: =IF(AQ93=AU93,1,IF(AQ93=AV93,-1,"")) | AU93: =MAX(AQ84:AQ102) -> 0.17481108 | AV93: =MIN(AQ84:AQ102) -> -0.20150292 | AW93: =AI93/AI81-1 -> -0.29204198 | AX93: =(AI93/AZ92)^AX$9-1 -> -0.23689001 | AY93: =(AI93/AZ86)^AY$9-1 -> -0.2394563 | AZ93: =AZ92+(AI93-AI81)/12 -> 65.589413 | BA93: =BA$11 -> 0.047029155 | BB93: =BB$11 -> 0.12857351 | BC93: =BC$11 -> -0.034515204 | CE93: =[3]OUTM!M93 -> 79.108539 | CF93: =[1]OUTM!$T381 -> 1 | CG93: =[1]OUTM!$U381 -> 0
... A106: 2001.12 | B106: =[2]Pat!$B106/1000 -> 7.181 | C106: 0.59513997 | D106: 1 | E106: 12.604773 | F106: =IF(C$8="NIV",B106-C106,B106/C106) -> 12.066069 | G106: =D106*F106+(1-D106)*E106 -> 12.066069 | H106: =IF(H$9="",G106,(G105+2*G106+G107)/4) -> 12.472291 | I106: =LN(H106/H105) -> -0.090249897 | J106: =IF(K106="",NA(),IFERROR((H106+K106*J$8),NA())) -> #N/A | L106: =IF(H106=M106,1,IF(H106=N106,-1,"")) | M106: =MAX(H97:H115) -> 18.175811 | N106: =MIN(H97:H115) -> 5.9772456 | O106: 20.219547 | P106: =H106/O106-1 -> -0.38315675 | Q106: =IF(R106="",NA(),IFERROR((H106+R106*Q$8),NA())) -> #N/A | S106: =IF(P106=T106,1,IF(P106=U106,-1,"")) | T106: =MAX(P97:P115) -> -0.17329494 | U106: =MIN(P97:P115) -> -0.69668504 | V106: =H106/H94-1 -> -0.50930291 | W106: =(H106/Y105)^W$9-1 -> -0.49033735 | X106: =(H106/Y99)^X$9-1 -> -0.4595226 | Y106: =Y105+(H106-H94)/12 -> 16.889301 | Z106: =Z$11 -> 0.068043152 | AA106: =AA$11 -> 0.26104797 | AB106: =AB$11 -> -0.12496166 | AC106: =[2]Pat!$D106/1000 -> 33.874 | AD106: 0.87383908 | AE106: 1 | AF106: 41.843655 | AG106: =IF(AD$8="NIV",AC106-AD106,AC106/AD106) -> 38.764574 | AH106: =AG106*AE106+(1-AE106)*AF106 -> 38.764574 | AI106: =IF(AI$9="",AH106,(AH105+2*AH106+AH107)/4) -> 40.753878 | AJ106: =LN(AI106/AI105) -> -0.072762973 | AK106: =IF(AL106="",NA(),IFERROR((AI106+AL106*AK$8),NA())) -> #N/A | AM106: =IF(AI106=AN106,1,IF(AI106=AO106,-1,"")) | AN106: =MAX(AI97:AI115) -> 59.327592 | AO106: =MIN(AI97:AI115) -> 39.777923 | AP106: 62.521964 | AQ106: =AI106/AP106-1 -> -0.34816703 | AR106: =IF(AS106="",NA(),IFERROR((AI106+AS106*AR$8),NA())) -> #N/A | AT106: =IF(AQ106=AU106,1,IF(AQ106=AV106,-1,"")) | AU106: =MAX(AQ97:AQ115) -> -0.038762588 | AV106: =MIN(AQ97:AQ115) -> -0.36563758 | AW106: =AI106/AI94-1 -> -0.33062997 | AX106: =(AI106/AZ105)^AX$9-1 -> -0.40633325 | AY106: =(AI106/AZ99)^AY$9-1 -> -0.30699963 | AZ106: =AZ105+(AI106-AI94)/12 -> 52.377175 | BA106: =BA$11 -> 0.047029155 | BB106: =BB$11 -> 0.12857351 | BC106: =BC$11 -> -0.034515204 | CE106: =[3]OUTM!M106 -> 48.551604 | CF106: =[1]OUTM!$T394 -> 1 | CG106: =[1]OUTM!$U394 -> 1
A107: 2002.01 | B107: =[2]Pat!$B107/1000 -> 16.382 | C107: 1.736434 | D107: 0.099028518 | E107: 11.914454 | F107: =IF(C$8="NIV",B107-C107,B107/C107) -> 9.4342773 | G107: =D107*F107+(1-D107)*E107 -> 11.668845 | H107: =IF(H$9="",G107,(G106+2*G107+G108)/4) -> 11.458 | I107: =LN(H107/H106) -> -0.084821281 | J107: =IF(K107="",NA(),IFERROR((H107+K107*J$8),NA())) -> #N/A | L107: =IF(H107=M107,1,IF(H107=N107,-1,"")) | M107: =MAX(H98:H116) -> 17.905699 | N107: =MIN(H98:H116) -> 5.9772456 | O107: 20.089229 | P107: =H107/O107-1 -> -0.4296446 | Q107: =IF(R107="",NA(),IFERROR((H107+R107*Q$8),NA())) -> #N/A | S107: =IF(P107=T107,1,IF(P107=U107,-1,"")) | T107: =MAX(P98:P116) -> -0.17329494 | U107: =MIN(P98:P116) -> -0.69668504 | V107: =H107/H95-1 -> -0.48276436 | W107: =(H107/Y106)^W$9-1 -> -0.51144011 | X107: =(H107/Y100)^X$9-1 -> -0.48174113 | Y107: =Y106+(H107-H95)/12 -> 15.998103 | Z107: =Z$11 -> 0.068043152 | AA107: =AA$11 -> 0.26104797 | AB107: =AB$11 -> -0.12496166 | AC107: =[2]Pat!$D107/1000 -> 36.613 | AD107: 1.0689745 | AE107: 0 | AF107: 40.751434 | AG107: =IF(AD$8="NIV",AC107-AD107,AC107/AD107) -> 34.250584 | AH107: =AG107*AE107+(1-AE107)*AF107 -> 40.751434 | AI107: =IF(AI$9="",AH107,(AH106+2*AH107+AH108)/4) -> 39.777923 | AJ107: =LN(AI107/AI106) -> -0.024238938 | AK107: =IF(AL107="",NA(),IFERROR((AI107+AL107*AK$8),NA())) -> 34.777923 | AL107: -1 | AM107: =IF(AI107=AN107,1,IF(AI107=AO107,-1,"")) -> -1 | AN107: =MAX(AI98:AI116) -> 59.027566 | AO107: =MIN(AI98:AI116) -> 39.777923 | AP107: 62.705359 | AQ107: =AI107/AP107-1 -> -0.36563758 | AR107: =IF(AS107="",NA(),IFERROR((AI107+AS107*AR$8),NA())) -> 34.777923 | AS107: -1 | AT107: =IF(AQ107=AU107,1,IF(AQ107=AV107,-1,"")) -> -1 | AU107: =MAX(AQ98:AQ116) -> -0.043992392 | AV107: =MIN(AQ98:AQ116) -> -0.36563758 | AW107: =AI107/AI95-1 -> -0.35386457 | AX107: =(AI107/AZ106)^AX$9-1 -> -0.39829355 | AY107: =(AI107/AZ100)^AY$9-1 -> -0.31307193 | AZ107: =AZ106+(AI107-AI95)/12 -> 50.561767 | BA107: =BA$11 -> 0.047029155 | BB107: =BB$11 -> 0.12857351 | BC107: =BC$11 -> -0.034515204 | BD107: 230.51687 | BE107: 1.2731526 | BF107: 0 | BG107: 239.10646 | BH107: =IF(BE$8="NIV",BD107-BE107,BD107/BE107) -> 181.05989 | BI107: =BF107*BH107+(1-BF107)*BG107 -> 239.10646 | BJ107: =IF(BJ$9="",BI107,(BI107^2/BI108+2*BI107+BI108)/4) -> 239.91196 | BQ107: {=[4]!HP(BJ107:BJ395,$BQ$9)} -> 717.20286 | BR107: =BJ107/BQ107-1 -> -0.66548939 | CE107: =[3]OUTM!M107 -> 45.389601 | CF107: =[1]OUTM!$T395 -> 1 | CG107: =[1]OUTM!$U395 -> 1
A108: 2002.02 | B108: =[2]Pat!$B108/1000 -> 8.812 | C108: 0.84501309 | D108: 1 | E108: 11.394305 | F108: =IF(C$8="NIV",B108-C108,B108/C108) -> 10.428241 | G108: =D108*F108+(1-D108)*E108 -> 10.428241 | H108: =IF(H$9="",G108,(G107+2*G108+G109)/4) -> 10.845147 | I108: =LN(H108/H107) -> -0.054970508 | J108: =IF(K108="",NA(),IFERROR((H108+K108*J$8),NA())) -> #N/A | L108: =IF(H108=M108,1,IF(H108=N108,-1,"")) | M108: =MAX(H99:H117) -> 17.522979 | N108: =MIN(H99:H117) -> 5.9772456 | O108: 19.976091 | P108: =H108/O108-1 -> -0.45709363 | Q108: =IF(R108="",NA(),IFERROR((H108+R108*Q$8),NA())) -> #N/A | S108: =IF(P108=T108,1,IF(P108=U108,-1,"")) | T108: =MAX(P99:P117) -> -0.17329494 | U108: =MIN(P99:P117) -> -0.69668504 | V108: =H108/H96-1 -> -0.4353266 | W108: =(H108/Y107)^W$9-1 -> -0.51212538 | X108: =(H108/Y101)^X$9-1 -> -0.48963875 | Y108: =Y107+(H108-H96)/12 -> 15.301361 | Z108: =Z$11 -> 0.068043152 | AA108: =AA$11 -> 0.26104797 | AB108: =AB$11 -> -0.12496166 | AC108: =[2]Pat!$D108/1000 -> 34.038 | AD108: 0.87626874 | AE108: 1 | AF108: 40.94014 | AG108: =IF(AD$8="NIV",AC108-AD108,AC108/AD108) -> 38.844248 | AH108: =AG108*AE108+(1-AE108)*AF108 -> 38.844248 | AI108: =IF(AI$9="",AH108,(AH107+2*AH108+AH109)/4) -> 40.869779 | AJ108: =LN(AI108/AI107) -> 0.02707883 | AK108: =IF(AL108="",NA(),IFERROR((AI108+AL108*AK$8),NA())) -> #N/A | AM108: =IF(AI108=AN108,1,IF(AI108=AO108,-1,"")) | AN108: =MAX(AI99:AI117) -> 58.376456 | AO108: =MIN(AI99:AI117) -> 39.777923 | AP108: 62.910006 | AQ108: =AI108/AP108-1 -> -0.35034534 | AR108: =IF(AS108="",NA(),IFERROR((AI108+AS108*AR$8),NA())) -> #N/A | AT108: =IF(AQ108=AU108,1,IF(AQ108=AV108,-1,"")) | AU108: =MAX(AQ99:AQ117) -> -0.090448782 | AV108: =MIN(AQ99:AQ117) -> -0.36563758 | AW108: =AI108/AI96-1 -> -0.32708306 | AX108: =(AI108/AZ107)^AX$9-1 -> -0.32488377 | AY108: =(AI108/AZ101)^AY$9-1 -> -0.28078326 | AZ108: =AZ107+(AI108-AI96)/12 -> 48.906311 | BA108: =BA$11 -> 0.047029155 | BB108: =BB$11 -> 0.12857351 | BC108: =BC$11 -> -0.034515204 | BD108: 309.23988 | BE108: 1.1516441 | BF108: 1 | BG108: 275.59902 | BH108: =IF(BE$8="NIV",BD108-BE108,BD108/BE108) -> 268.52036 | BI108: =BF108*BH108+(1-BF108)*BG108 -> 268.52036 | BJ108: =IF(BJ$9="",BI108,(BI107+2*BI108+BI109)/4) -> 275.42751 | BK108: =LN(BJ108/BJ107) -> 0.13805245 | BQ108: 736.2509 | BR108: =BJ108/BQ108-1 -> -0.62590536 | CE108: =[3]OUTM!M108 -> 45.072422 | CF108: =[1]OUTM!$T396 -> 1 | CG108: =[1]OUTM!$U396 -> 1
A109: 2002.03 | B109: =[2]Pat!$B109/1000 -> 13.497 | C109: 0.84193887 | D109: 0 | E109: 10.85526 | F109: =IF(C$8="NIV",B109-C109,B109/C109) -> 16.030855 | G109: =D109*F109+(1-D109)*E109 -> 10.85526 | H109: =IF(H$9="",G109,(G108+2*G109+G110)/4) -> 10.797701 | I109: =LN(H109/H108) -> -0.0043844438 | J109: =IF(K109="",NA(),IFERROR((H109+K109*J$8),NA())) -> #N/A | L109: =IF(H109=M109,1,IF(H109=N109,-1,"")) | M109: =MAX(H100:H118) -> 17.44864 | N109: =MIN(H100:H118) -> 5.9772456 | O109: 19.880695 | P109: =H109/O109-1 -> -0.45687508 | Q109: =IF(R109="",NA(),IFERROR((H109+R109*Q$8),NA())) -> #N/A | S109: =IF(P109=T109,1,IF(P109=U109,-1,"")) | T109: =MAX(P100:P118) -> -0.17329494 | U109: =MIN(P100:P118) -> -0.69668504 | V109: =H109/H97-1 -> -0.40593017 | W109: =(H109/Y108)^W$9-1 -> -0.47459451 | X109: =(H109/Y102)^X$9-1 -> -0.47183302 | Y109: =Y108+(H109-H97)/12 -> 14.686518 | Z109: =Z$11 -> 0.068043152 | AA109: =AA$11 -> 0.26104797 | AB109: =AB$11 -> -0.12496166 | AC109: =[2]Pat!$D109/1000 -> 39.399 | AD109: 0.8747716 | AE109: 1 | AF109: 42.335884 | AG109: =IF(AD$8="NIV",AC109-AD109,AC109/AD109) -> 45.039185 | AH109: =AG109*AE109+(1-AE109)*AF109 -> 45.039185 | AI109: =IF(AI$9="",AH109,(AH108+2*AH109+AH110)/4) -> 42.851129 | AJ109: =LN(AI109/AI108) -> 0.04734112 | AK109: =IF(AL109="",NA(),IFERROR((AI109+AL109*AK$8),NA())) -> #N/A | AM109: =IF(AI109=AN109,1,IF(AI109=AO109,-1,"")) | AN109: =MAX(AI100:AI118) -> 61.883498 | AO109: =MIN(AI100:AI118) -> 39.777923 | AP109: 63.136256 | AQ109: =AI109/AP109-1 -> -0.32129125 | AR109: =IF(AS109="",NA(),IFERROR((AI109+AS109*AR$8),NA())) -> #N/A | AT109: =IF(AQ109=AU109,1,IF(AQ109=AV109,-1,"")) | AU109: =MAX(AQ100:AQ118) -> -0.064538695 | AV109: =MIN(AQ100:AQ118) -> -0.36563758 | AW109: =AI109/AI97-1 -> -0.27772007 | AX109: =(AI109/AZ108)^AX$9-1 -> -0.2165236 | AY109: =(AI109/AZ102)^AY$9-1 -> -0.23436935 | AZ109: =AZ108+(AI109-AI97)/12 -> 47.533272 | BA109: =BA$11 -> 0.047029155 | BB109: =BB$11 -> 0.12857351 | BC109: =BC$11 -> -0.034515204 | BD109: 261.2411 | BE109: 0.80242902 | BF109: 1 | BG109: 322.25828 | BH109: =IF(BE$8="NIV",BD109-BE109,BD109/BE109) -> 325.56288 | BI109: =BF109*BH109+(1-BF109)*BG109 -> 325.56288 | BJ109: =IF(BJ$9="",BI109,(BI108+2*BI109+BI110)/4) -> 321.90595 | BK109: =LN(BJ109/BJ108) -> 0.15593493 | BQ109: 755.29646 | BR109: =BJ109/BQ109-1 -> -0.57380186 | CE109: =[3]OUTM!M109 -> 46.127205 | CF109: =[1]OUTM!$T397 -> 1 | CG109: =[1]OUTM!$U397 -> 1
A110: 2002.04 | B110: =[2]Pat!$B110/1000 -> 13.641 | C110: 1.1082088 | D110: 0.41421728 | E110: 10.163189 | F110: =IF(C$8="NIV",B110-C110,B110/C110) -> 12.309052 | G110: =D110*F110+(1-D110)*E110 -> 11.052042 | H110: =IF(H$9="",G110,(G109+2*G110+G111)/4) -> 10.713706 | I110: =LN(H110/H109) -> -0.0078094139 | J110: =IF(K110="",NA(),IFERROR((H110+K110*J$8),NA())) -> #N/A | L110: =IF(H110=M110,1,IF(H110=N110,-1,"")) | M110: =MAX(H101:H119) -> 17.44864 | N110: =MIN(H101:H119) -> 5.9772456 | O110: 19.803559 | P110: =H110/O110-1 -> -0.45900099 | Q110: =IF(R110="",NA(),IFERROR((H110+R110*Q$8),NA())) -> #N/A | S110: =IF(P110=T110,1,IF(P110=U110,-1,"")) | T110: =MAX(P101:P119) -> -0.17329494 | U110: =MIN(P101:P119) -> -0.69668504 | V110: =H110/H98-1 -> -0.40165945 | W110: =(H110/Y109)^W$9-1 -> -0.44138133 | X110: =(H110/Y103)^X$9-1 -> -0.45195744 | Y110: =Y109+(H110-H98)/12 -> 14.087185 | Z110: =Z$11 -> 0.068043152 | AA110: =AA$11 -> 0.26104797 | AB110: =AB$11 -> -0.12496166 | AC110: =[2]Pat!$D110/1000 -> 46.068 | AD110: 1.0844148 | AE110: 1 | AF110: 44.510494 | AG110: =IF(AD$8="NIV",AC110-AD110,AC110/AD110) -> 42.4819 | AH110: =AG110*AE110+(1-AE110)*AF110 -> 42.4819 | AI110: =IF(AI$9="",AH110,(AH109+2*AH110+AH111)/4) -> 44.269597 | AJ110: =LN(AI110/AI109) -> 0.032566132 | AK110: =IF(AL110="",NA(),IFERROR((AI110+AL110*AK$8),NA())) -> #N/A | AM110: =IF(AI110=AN110,1,IF(AI110=AO110,-1,"")) | AN110: =MAX(AI101:AI119) -> 63.619452 | AO110: =MIN(AI101:AI119) -> 39.777923 | AP110: 63.384342 | AQ110: =AI110/AP110-1 -> -0.30156888 | AR110: =IF(AS110="",NA(),IFERROR((AI110+AS110*AR$8),NA())) -> #N/A | AT110: =IF(AQ110=AU110,1,IF(AQ110=AV110,-1,"")) | AU110: =MAX(AQ101:AQ119) -> -0.044665275 | AV110: =MIN(AQ101:AQ119) -> -0.36563758 | AW110: =AI110/AI98-1 -> -0.25001826 | AX110: =(AI110/AZ109)^AX$9-1 -> -0.1230631 | AY110: =(AI110/AZ103)^AY$9-1 -> -0.20143312 | AZ110: =AZ109+(AI110-AI98)/12 -> 46.303441 | BA110: =BA$11 -> 0.047029155 | BB110: =BB$11 -> 0.12857351 | BC110: =BC$11 -> -0.034515204 | BD110: 292.90317 | BE110: 0.79598082 | BF110: 1 | BG110: 376.21322 | BH110: =IF(BE$8="NIV",BD110-BE110,BD110/BE110) -> 367.97768 | BI110: =BF110*BH110+(1-BF110)*BG110 -> 367.97768 | BJ110: =IF(BJ$9="",BI110,(BI109+2*BI110+BI111)/4) -> 369.87898 | BK110: =LN(BJ110/BJ109) -> 0.13891645 | BQ110: 774.33466 | BR110: =BJ110/BQ110-1 -> -0.52232672 | CE110: =[3]OUTM!M110 -> 48.615132 | CF110: =[1]OUTM!$T398 -> 1 | CG110: =[1]OUTM!$U398 -> 1
A111: 2002.05 | B111: =[2]Pat!$B111/1000 -> 10.255 | C111: 1.036332 | D111: 1 | E111: 9.2692679 | F111: =IF(C$8="NIV",B111-C111,B111/C111) -> 9.8954776 | G111: =D111*F111+(1-D111)*E111 -> 9.8954776 | H111: =IF(H$9="",G111,(G110+2*G111+G112)/4) -> 9.7659314 | I111: =LN(H111/H110) -> -0.092623892 | J111: =IF(K111="",NA(),IFERROR((H111+K111*J$8),NA())) -> #N/A | L111: =IF(H111=M111,1,IF(H111=N111,-1,"")) | M111: =MAX(H102:H120) -> 16.701516 | N111: =MIN(H102:H120) -> 5.9772456 | O111: 19.74515 | P111: =H111/O111-1 -> -0.50540099 | Q111: =IF(R111="",NA(),IFERROR((H111+R111*Q$8),NA())) -> #N/A | S111: =IF(P111=T111,1,IF(P111=U111,-1,"")) | T111: =MAX(P102:P120) -> -0.20087987 | U111: =MIN(P102:P120) -> -0.69668504 | V111: =H111/H99-1 -> -0.44267857 | W111: =(H111/Y110)^W$9-1 -> -0.49153926 | X111: =(H111/Y104)^X$9-1 -> -0.47320771 | Y111: =Y110+(H111-H99)/12 -> 13.440765 | Z111: =Z$11 -> 0.068043152 | AA111: =AA$11 -> 0.26104797 | AB111: =AB$11 -> -0.12496166 | AC111: =[2]Pat!$D111/1000 -> 54.093 | AD111: 0.97432536 | AE111: 0 | AF111: 47.075401 | AG111: =IF(AD$8="NIV",AC111-AD111,AC111/AD111) -> 55.518415 | AH111: =AG111*AE111+(1-AE111)*AF111 -> 47.075401 | AI111: =IF(AI$9="",AH111,(AH110+2*AH111+AH112)/4) -> 47.127441 | AJ111: =LN(AI111/AI110) -> 0.062557303 | AK111: =IF(AL111="",NA(),IFERROR((AI111+AL111*AK$8),NA())) -> #N/A | AM111: =IF(AI111=AN111,1,IF(AI111=AO111,-1,"")) | AN111: =MAX(AI102:AI120) -> 63.619452 | AO111: =MIN(AI102:AI120) -> 39.777923 | AP111: 63.654394 | AQ111: =AI111/AP111-1 -> -0.2596357 | AR111: =IF(AS111="",NA(),IFERROR((AI111+AS111*AR$8),NA())) -> #N/A | AT111: =IF(AQ111=AU111,1,IF(AQ111=AV111,-1,"")) | AU111: =MAX(AQ102:AQ120) -> -0.044665275 | AV111: =MIN(AQ102:AQ120) -> -0.36563758 | AW111: =AI111/AI99-1 -> -0.16133828 | AX111: =(AI111/AZ110)^AX$9-1 -> 0.03310062 | AY111: =(AI111/AZ104)^AY$9-1 -> -0.14183869 | AZ111: =AZ110+(AI111-AI99)/12 -> 45.547926 | BA111: =BA$11 -> 0.047029155 | BB111: =BB$11 -> 0.12857351 | BC111: =BC$11 -> -0.034515204 | BD111: 339.34168 | BE111: 0.81483949 | BF111: 0.91958943 | BG111: 435.67234 | BH111: =IF(BE$8="NIV",BD111-BE111,BD111/BE111) -> 416.45218 | BI111: =BF111*BH111+(1-BF111)*BG111 -> 417.99769 | BJ111: =IF(BJ$9="",BI111,(BI110+2*BI111+BI112)/4) -> 431.0866 | BK111: =LN(BJ111/BJ110) -> 0.15313312 | BQ111: 793.3584 | BR111: =BJ111/BQ111-1 -> -0.4566307 | CE111: =[3]OUTM!M111 -> 51.833233 | CF111: =[1]OUTM!$T399 -> 1 | CG111: =[1]OUTM!$U399 -> 1
A112: 2002.06 | B112: =[2]Pat!$B112/1000 -> 4.412 | C112: 0.90271161 | D112: 0 | E112: 8.2207278 | F112: =IF(C$8="NIV",B112-C112,B112/C112) -> 4.8874967 | G112: =D112*F112+(1-D112)*E112 -> 8.2207278 | H112: =IF(H$9="",G112,(G111+2*G112+G113)/4) -> 8.3535425 | I112: =LN(H112/H111) -> -0.15621424 | J112: =IF(K112="",NA(),IFERROR((H112+K112*J$8),NA())) -> #N/A | L112: =IF(H112=M112,1,IF(H112=N112,-1,"")) | M112: =MAX(H103:H121) -> 15.475211 | N112: =MIN(H103:H121) -> 5.9772456 | O112: 19.70589 | P112: =H112/O112-1 -> -0.57608904 | Q112: =IF(R112="",NA(),IFERROR((H112+R112*Q$8),NA())) -> #N/A | S112: =IF(P112=T112,1,IF(P112=U112,-1,"")) | T112: =MAX(P103:P121) -> -0.25266889 | U112: =MIN(P103:P121) -> -0.69668504 | V112: =H112/H100-1 -> -0.51983833 | W112: =(H112/Y111)^W$9-1 -> -0.5844045 | X112: =(H112/Y105)^X$9-1 -> -0.52062594 | Y112: =Y111+(H112-H100)/12 -> 12.687114 | Z112: =Z$11 -> 0.068043152 | AA112: =AA$11 -> 0.26104797 | AB112: =AB$11 -> -0.12496166 | AC112: =[2]Pat!$D112/1000 -> 45.095 | AD112: 0.86926668 | AE112: 1 | AF112: 49.551556 | AG112: =IF(AD$8="NIV",AC112-AD112,AC112/AD112) -> 51.87706 | AH112: =AG112*AE112+(1-AE112)*AF112 -> 51.87706 | AI112: =IF(AI$9="",AH112,(AH111+2*AH112+AH113)/4) -> 50.286031 | AJ112: =LN(AI112/AI111) -> 0.064871895 | AK112: =IF(AL112="",NA(),IFERROR((AI112+AL112*AK$8),NA())) -> #N/A | AM112: =IF(AI112=AN112,1,IF(AI112=AO112,-1,"")) | AN112: =MAX(AI103:AI121) -> 63.994323 | AO112: =MIN(AI103:AI121) -> 39.777923 | AP112: 63.946442 | AQ112: =AI112/AP112-1 -> -0.21362269 | AR112: =IF(AS112="",NA(),IFERROR((AI112+AS112*AR$8),NA())) -> #N/A | AT112: =IF(AQ112=AU112,1,IF(AQ112=AV112,-1,"")) | AU112: =MAX(AQ103:AQ121) -> -0.044665275 | AV112: =MIN(AQ103:AQ121) -> -0.36563758 | AW112: =AI112/AI100-1 -> -0.021920268 | AX112: =(AI112/AZ111)^AX$9-1 -> 0.20045364 | AY112: =(AI112/AZ105)^AY$9-1 -> -0.06702608 | AZ112: =AZ111+(AI112-AI100)/12 -> 45.45401 | BA112: =BA$11 -> 0.047029155 | BB112: =BB$11 -> 0.12857351 | BC112: =BC$11 -> -0.034515204 | BD112: 415.43635 | BE112: 0.79834288 | BF112: 1 | BG112: 498.04598 | BH112: =IF(BE$8="NIV",BD112-BE112,BD112/BE112) -> 520.37334 | BI112: =BF112*BH112+(1-BF112)*BG112 -> 520.37334 | BJ112: =IF(BJ$9="",BI112,(BI111+2*BI112+BI113)/4) -> 501.38178 | BK112: =LN(BJ112/BJ111) -> 0.15105885 | BQ112: 812.35845 | BR112: =BJ112/BQ112-1 -> -0.38280721 | CE112: =[3]OUTM!M112 -> 54.510211 | CF112: =[1]OUTM!$T400 -> 1 | CG112: =[1]OUTM!$U400 -> 1
...

Sheet X13
A4: ARG | B4: Desde 2002.01 | C4: Desde 1994.01 | D4: =C4 -> Desde 1994.01
A5: X13-ARIMA-SEATS
B7: ( 1 / 3 ) | C7: ( 2 / 3 ) | D7: ( 3 / 3 )
B8: ="PT-"&REGV!BD10 -> PT-REMAQN | C8: ="PT-"&REGV!B10 -> PT-REGVN | D8: ="PT-"&REGV!AC10 -> PT-REGVU
A9: Meses
A11: =REGV!A11 -> 1994.01 | C11: =REGV!B11 -> 64.045023 | D11: =REGV!AC11 -> 65.94647
A12: =REGV!A12 -> 1994.02 | C12: =REGV!B12 -> 34.202994 | D12: =REGV!AC12 -> 53.811395
A13: =REGV!A13 -> 1994.03 | C13: =REGV!B13 -> 33.899656 | D13: =REGV!AC13 -> 57.710664
A14: =REGV!A14 -> 1994.04 | C14: =REGV!B14 -> 40.10655 | D14: =REGV!AC14 -> 45.845193
A15: =REGV!A15 -> 1994.05 | C15: =REGV!B15 -> 41.118574 | D15: =REGV!AC15 -> 52.533724
A16: =REGV!A16 -> 1994.06 | C16: =REGV!B16 -> 37.089629 | D16: =REGV!AC16 -> 48.030099
A17: =REGV!A17 -> 1994.07 | C17: =REGV!B17 -> 46.790141 | D17: =REGV!AC17 -> 51.053269
A18: =REGV!A18 -> 1994.08 | C18: =REGV!B18 -> 43.764074 | D18: =REGV!AC18 -> 57.708448
A19: =REGV!A19 -> 1994.09 | C19: =REGV!B19 -> 46.987127 | D19: =REGV!AC19 -> 54.978945
A20: =REGV!A20 -> 1994.1 | C20: =REGV!B20 -> 45.744372 | D20: =REGV!AC20 -> 55.504376
A21: =REGV!A21 -> 1994.11 | C21: =REGV!B21 -> 31.748763 | D21: =REGV!AC21 -> 58.347318
A22: =REGV!A22 -> 1994.12 | C22: =REGV!B22 -> 20.838097 | D22: =REGV!AC22 -> 61.8901
... A106: =REGV!A106 -> 2001.12 | C106: =REGV!B106 -> 7.181 | D106: =REGV!AC106 -> 33.874
A107: =REGV!A107 -> 2002.01 | B107: =REGV!$BD107 -> 230.51687 | C107: =REGV!B107 -> 16.382 | D107: =REGV!AC107 -> 36.613
A108: =REGV!A108 -> 2002.02 | B108: =REGV!$BD108 -> 309.23988 | C108: =REGV!B108 -> 8.812 | D108: =REGV!AC108 -> 34.038
A109: =REGV!A109 -> 2002.03 | B109: =REGV!$BD109 -> 261.2411 | C109: =REGV!B109 -> 13.497 | D109: =REGV!AC109 -> 39.399
A110: =REGV!A110 -> 2002.04 | B110: =REGV!$BD110 -> 292.90317 | C110: =REGV!B110 -> 13.641 | D110: =REGV!AC110 -> 46.068
A111: =REGV!A111 -> 2002.05 | B111: =REGV!$BD111 -> 339.34168 | C111: =REGV!B111 -> 10.255 | D111: =REGV!AC111 -> 54.093
A112: =REGV!A112 -> 2002.06 | B112: =REGV!$BD112 -> 415.43635 | C112: =REGV!B112 -> 4.412 | D112: =REGV!AC112 -> 45.095
A113: =REGV!A113 -> 2002.07 | B113: =REGV!$BD113 -> 500.81337 | C113: =REGV!B113 -> 5.597 | D113: =REGV!AC113 -> 57.367
A114: =REGV!A114 -> 2002.08 | B114: =REGV!$BD114 -> 598.40281 | C114: =REGV!B114 -> 5.993 | D114: =REGV!AC114 -> 57.719
A115: =REGV!A115 -> 2002.09 | B115: =REGV!$BD115 -> 726.84922 | C115: =REGV!B115 -> 5.898 | D115: =REGV!AC115 -> 59.192
A116: =REGV!A116 -> 2002.1 | B116: =REGV!$BD116 -> 932.88509 | C116: =REGV!B116 -> 6.226 | D116: =REGV!AC116 -> 61.473
A117: =REGV!A117 -> 2002.11 | B117: =REGV!$BD117 -> 826.23846 | C117: =REGV!B117 -> 5.095 | D117: =REGV!AC117 -> 58.352
A118: =REGV!A118 -> 2002.12 | B118: =REGV!$BD118 -> 876.28521 | C118: =REGV!B118 -> 5.423 | D118: =REGV!AC118 -> 60.745
... A395: =REGV!A395 -> 2026.01 | B395: =REGV!$BD395 -> 889 | C395: =REGV!B395 -> 66.73 | D395: =REGV!AC395 -> 152.727
A397: =REGV!A396 -> 2026.02 | B397: =REGV!$BD396 -> #N/A | C397: =REGV!B396 -> #N/A | D397: =REGV!AC396 -> #N/A
A398: =REGV!A397 -> 2026.03 | B398: =REGV!$BD397 -> #N/A | C398: =REGV!B397 -> #N/A | D398: =REGV!AC397 -> #N/A
A399: =REGV!A398 -> 2026.04 | B399: =REGV!$BD398 -> #N/A | C399: =REGV!B398 -> #N/A | D399: =REGV!AC398 -> #N/A
A400: =REGV!A399 -> 2026.05 | B400: =REGV!$BD399 -> #N/A | C400: =REGV!B399 -> #N/A | D400: =REGV!AC399 -> #N/A
A401: =REGV!A400 -> 2026.06 | B401: =REGV!$BD400 -> #N/A | C401: =REGV!B400 -> #N/A | D401: =REGV!AC400 -> #N/A
A402: =REGV!A401 -> 2026.07 | B402: =REGV!$BD401 -> #N/A | C402: =REGV!B401 -> #N/A | D402: =REGV!AC401 -> #N/A
A403: =REGV!A402 -> 2026.08 | B403: =REGV!$BD402 -> #N/A | C403: =REGV!B402 -> #N/A | D403: =REGV!AC402 -> #N/A
A404: =REGV!A403 -> 2026.09 | B404: =REGV!$BD403 -> #N/A | C404: =REGV!B403 -> #N/A | D404: =REGV!AC403 -> #N/A
A405: =REGV!A404 -> 2026.1 | B405: =REGV!$BD404 -> #N/A | C405: =REGV!B404 -> #N/A | D405: =REGV!AC404 -> #N/A
A406: =REGV!A405 -> 2026.11 | B406: =REGV!$BD405 -> #N/A | C406: =REGV!B405 -> #N/A | D406: =REGV!AC405 -> #N/A
A407: =REGV!A406 -> 2026.12 | B407: =REGV!$BD406 -> #N/A | C407: =REGV!B406 -> #N/A | D407: =REGV!AC406 -> #N/A
A408: =REGV!A407 -> 2027.01 | B408: =REGV!$BD407 -> #N/A | C408: =REGV!B407 -> #N/A | D408: =REGV!AC407 -> #N/A
... A419: =REGV!A418 -> 2027.12 | B419: =REGV!$BD418 -> #N/A | C419: =REGV!B418 -> #N/A | D419: =REGV!AC418 -> #N/A

Sheet FCT
I2: Serie filtrada | K2: Seguimiento de resultados en forecasts | V2: Serie filtrada | X2: Seguimiento de resultados en forecasts | AI2: Serie filtrada | AK2: Seguimiento de resultados en forecasts
I3: & forecasts | V3: & forecasts | AI3: & forecasts
B5: =REGV!$B$10 -> REGVN | K5: pegar | O5: =REGV!AC10 -> REGVU | X5: pegar | AB5: REMAQN | AK5: pegar
B6: ="Predicciones del Win X13 de: "&$B$5 -> Predicciones del Win X13 de: REGVN | K6: 1 er valor | O6: ="Predicciones del Win X13 de: "&$O$5 -> Predicciones del Win X13 de: REGVU | X6: 1 er valor | AB6: ="Predicciones del Win X13 de: "&$AB$5 -> Predicciones del Win X13 de: REMAQN | AK6: 1 er valor
B7: Sin Ajuste Estacional | E7: Ajustadas por Estacionalidad | O7: Sin Ajuste Estacional | R7: Ajustadas por Estacionalidad | AB7: Sin Ajuste Estacional | AE7: Ajustadas por Estacionalidad
B8: =REGV!C8 -> LOG | I8: ="FCT-"&$B$5 -> FCT-REGVN | K8: Estimado | L8: Real | M8: Error | O8: =REGV!AD8 -> LOG | V8: ="FCT-"&$O$5 -> FCT-REGVU | X8: Estimado | Y8: Real | Z8: Error | AB8: =REGV!BE8 -> LOG | AI8: ="FCT-"&AB5 -> FCT-REMAQN | AK8: Estimado | AL8: Real | AM8: Error
A10: Meses | B10: ="Predic. "&$B$5 -> Predic. REGVN | C10: Banda 95% | E10: ="Predic. "&$B$5 -> Predic. REGVN | F10: Banda 95% | O10: ="Predic. "&$O$5 -> Predic. REGVU | P10: Banda 95% | R10: ="Predic. "&$O$5 -> Predic. REGVU | S10: Banda 95% | AB10: ="Predic. "&$AB$5 -> Predic. REMAQN | AC10: Banda 95% | AE10: ="Predic. "&$AB$5 -> Predic. REMAQN | AF10: Banda 95%
A11: =REGV!A11 -> 1994.01 | I11: =REGV!H11 -> 37.885132 | V11: =REGV!AI11 -> 61.408933
A12: =REGV!A12 -> 1994.02 | I12: =REGV!H12 -> 37.169756 | V12: =REGV!AI12 -> 58.049612
A13: =REGV!A13 -> 1994.03 | I13: =REGV!H13 -> 37.787268 | V13: =REGV!AI13 -> 57.105521
A14: =REGV!A14 -> 1994.04 | I14: =REGV!H14 -> 39.536227 | V14: =REGV!AI14 -> 55.891712
A15: =REGV!A15 -> 1994.05 | I15: =REGV!H15 -> 40.66908 | V15: =REGV!AI15 -> 55.071855
A16: =REGV!A16 -> 1994.06 | I16: =REGV!H16 -> 42.175408 | V16: =REGV!AI16 -> 54.920943
A17: =REGV!A17 -> 1994.07 | I17: =REGV!H17 -> 43.832058 | V17: =REGV!AI17 -> 54.001848
A18: =REGV!A18 -> 1994.08 | I18: =REGV!H18 -> 43.578144 | V18: =REGV!AI18 -> 53.836582
A19: =REGV!A19 -> 1994.09 | I19: =REGV!H19 -> 43.276084 | V19: =REGV!AI19 -> 54.544206
A20: =REGV!A20 -> 1994.1 | I20: =REGV!H20 -> 42.608833 | V20: =REGV!AI20 -> 55.144284
A21: =REGV!A21 -> 1994.11 | I21: =REGV!H21 -> 40.839126 | V21: =REGV!AI21 -> 55.689142
A22: =REGV!A22 -> 1994.12 | I22: =REGV!H22 -> 40.434169 | V22: =REGV!AI22 -> 55.217896
... A106: =REGV!A106 -> 2001.12 | I106: =REGV!H106 -> 12.472291 | V106: =REGV!AI106 -> 40.753878
A107: =REGV!A107 -> 2002.01 | I107: =REGV!H107 -> 11.458 | V107: =REGV!AI107 -> 39.777923 | AI107: =REGV!BJ107 -> 239.91196
A108: =REGV!A108 -> 2002.02 | I108: =REGV!H108 -> 10.845147 | V108: =REGV!AI108 -> 40.869779 | AI108: =REGV!BJ108 -> 275.42751
A109: =REGV!A109 -> 2002.03 | I109: =REGV!H109 -> 10.797701 | V109: =REGV!AI109 -> 42.851129 | AI109: =REGV!BJ109 -> 321.90595
A110: =REGV!A110 -> 2002.04 | I110: =REGV!H110 -> 10.713706 | V110: =REGV!AI110 -> 44.269597 | AI110: =REGV!BJ110 -> 369.87898
A111: =REGV!A111 -> 2002.05 | I111: =REGV!H111 -> 9.7659314 | V111: =REGV!AI111 -> 47.127441 | AI111: =REGV!BJ111 -> 431.0866
A112: =REGV!A112 -> 2002.06 | I112: =REGV!H112 -> 8.3535425 | V112: =REGV!AI112 -> 50.286031 | AI112: =REGV!BJ112 -> 501.38178
A113: =REGV!A113 -> 2002.07 | I113: =REGV!H113 -> 7.0921894 | V113: =REGV!AI113 -> 51.369465 | AI113: =REGV!BJ113 -> 559.95774
A114: =REGV!A114 -> 2002.08 | I114: =REGV!H114 -> 6.2370372 | V114: =REGV!AI114 -> 53.457817 | AI114: =REGV!BJ114 -> 624.68451
A115: =REGV!A115 -> 2002.09 | I115: =REGV!H115 -> 5.9772456 | V115: =REGV!AI115 -> 56.460283 | AI115: =REGV!BJ115 -> 681.16665
A116: =REGV!A116 -> 2002.1 | I116: =REGV!H116 -> 6.0709999 | V116: =REGV!AI116 -> 57.323411 | AI116: =REGV!BJ116 -> 719.24293
A117: =REGV!A117 -> 2002.11 | I117: =REGV!H117 -> 6.3039317 | V117: =REGV!AI117 -> 58.376456 | AI117: =REGV!BJ117 -> 767.13035
A118: =REGV!A118 -> 2002.12 | I118: =REGV!H118 -> 7.0017961 | V118: =REGV!AI118 -> 61.883498 | AI118: =REGV!BJ118 -> 795.26659
... A370: =REGV!A370 -> 2023.12 | I370: =REGV!H370 -> 36.066131 | V370: =REGV!AI370 -> 131.319 | AI370: =REGV!BJ370 -> 917.8104
A371: =REGV!A371 -> 2024.01 | B371: #N/A | C371: #N/A | D371: #N/A | E371: #N/A | F371: #N/A | G371: #N/A | I371: =REGV!H371 -> 33.193032 | O371: #N/A | P371: #N/A | Q371: #N/A | R371: #N/A | S371: #N/A | T371: #N/A | V371: =REGV!AI371 -> 126.56082 | AB371: #N/A | AC371: #N/A | AD371: #N/A | AE371: #N/A | AF371: #N/A | AG371: #N/A | AI371: =REGV!BJ371 -> 785.73119
A372: =REGV!A372 -> 2024.02 | B372: #N/A | C372: #N/A | D372: #N/A | E372: #N/A | F372: #N/A | G372: #N/A | I372: =REGV!H372 -> 30.882024 | O372: #N/A | P372: #N/A | Q372: #N/A | R372: #N/A | S372: #N/A | T372: #N/A | V372: =REGV!AI372 -> 124.10568 | AB372: #N/A | AC372: #N/A | AD372: #N/A | AE372: #N/A | AF372: #N/A | AG372: #N/A | AI372: =REGV!BJ372 -> 716.39719
A373: =REGV!A373 -> 2024.03 | B373: #N/A | C373: #N/A | D373: #N/A | E373: #N/A | F373: #N/A | G373: #N/A | I373: =REGV!H373 -> 30.40939 | O373: #N/A | P373: #N/A | Q373: #N/A | R373: #N/A | S373: #N/A | T373: #N/A | V373: =REGV!AI373 -> 124.56751 | AB373: #N/A | AC373: #N/A | AD373: #N/A | AE373: #N/A | AF373: #N/A | AG373: #N/A | AI373: =REGV!BJ373 -> 714.55658
A374: =REGV!A374 -> 2024.04 | B374: #N/A | C374: #N/A | D374: #N/A | E374: #N/A | F374: #N/A | G374: #N/A | I374: =REGV!H374 -> 31.295745 | O374: #N/A | P374: #N/A | Q374: #N/A | R374: #N/A | S374: #N/A | T374: #N/A | V374: =REGV!AI374 -> 128.96803 | AB374: #N/A | AC374: #N/A | AD374: #N/A | AE374: #N/A | AF374: #N/A | AG374: #N/A | AI374: =REGV!BJ374 -> 756.17764
A375: =REGV!A375 -> 2024.05 | B375: #N/A | C375: #N/A | D375: #N/A | E375: #N/A | F375: #N/A | G375: #N/A | I375: =REGV!H375 -> 32.422836 | O375: #N/A | P375: #N/A | Q375: #N/A | R375: #N/A | S375: #N/A | T375: #N/A | V375: =REGV!AI375 -> 134.99025 | AB375: #N/A | AC375: #N/A | AD375: #N/A | AE375: #N/A | AF375: #N/A | AG375: #N/A | AI375: =REGV!BJ375 -> 800.57472
A376: =REGV!A376 -> 2024.06 | B376: #N/A | C376: #N/A | D376: #N/A | E376: #N/A | F376: #N/A | G376: #N/A | I376: =REGV!H376 -> 33.634913 | O376: #N/A | P376: #N/A | Q376: #N/A | R376: #N/A | S376: #N/A | T376: #N/A | V376: =REGV!AI376 -> 141.9398 | AB376: #N/A | AC376: #N/A | AD376: #N/A | AE376: #N/A | AF376: #N/A | AG376: #N/A | AI376: =REGV!BJ376 -> 836.17289
A377: =REGV!A377 -> 2024.07 | B377: #N/A | C377: #N/A | D377: #N/A | E377: #N/A | F377: #N/A | G377: #N/A | I377: =REGV!H377 -> 35.924953 | O377: #N/A | P377: #N/A | Q377: #N/A | R377: #N/A | S377: #N/A | T377: #N/A | V377: =REGV!AI377 -> 149.9212 | AB377: #N/A | AC377: #N/A | AD377: #N/A | AE377: #N/A | AF377: #N/A | AG377: #N/A | AI377: =REGV!BJ377 -> 892.88071
A378: =REGV!A378 -> 2024.08 | B378: #N/A | C378: #N/A | D378: #N/A | E378: #N/A | F378: #N/A | G378: #N/A | I378: =REGV!H378 -> 38.814529 | O378: #N/A | P378: #N/A | Q378: #N/A | R378: #N/A | S378: #N/A | T378: #N/A | V378: =REGV!AI378 -> 156.02092 | AB378: #N/A | AC378: #N/A | AD378: #N/A | AE378: #N/A | AF378: #N/A | AG378: #N/A | AI378: =REGV!BJ378 -> 929.14475
A379: =REGV!A379 -> 2024.09 | B379: #N/A | C379: #N/A | D379: #N/A | E379: #N/A | F379: #N/A | G379: #N/A | I379: =REGV!H379 -> 40.788222 | O379: #N/A | P379: #N/A | Q379: #N/A | R379: #N/A | S379: #N/A | T379: #N/A | V379: =REGV!AI379 -> 158.52711 | AB379: #N/A | AC379: #N/A | AD379: #N/A | AE379: #N/A | AF379: #N/A | AG379: #N/A | AI379: =REGV!BJ379 -> 962.29677
A380: =REGV!A380 -> 2024.1 | B380: #N/A | C380: #N/A | D380: #N/A | E380: #N/A | F380: #N/A | G380: #N/A | I380: =REGV!H380 -> 41.344798 | O380: #N/A | P380: #N/A | Q380: #N/A | R380: #N/A | S380: #N/A | T380: #N/A | V380: =REGV!AI380 -> 158.86972 | AB380: #N/A | AC380: #N/A | AD380: #N/A | AE380: #N/A | AF380: #N/A | AG380: #N/A | AI380: =REGV!BJ380 -> 993.68374
A381: =REGV!A381 -> 2024.11 | B381: #N/A | C381: #N/A | D381: #N/A | E381: #N/A | F381: #N/A | G381: #N/A | I381: =REGV!H381 -> 42.098162 | O381: #N/A | P381: #N/A | Q381: #N/A | R381: #N/A | S381: #N/A | T381: #N/A | V381: =REGV!AI381 -> 159.94695 | AB381: #N/A | AC381: #N/A | AD381: #N/A | AE381: #N/A | AF381: #N/A | AG381: #N/A | AI381: =REGV!BJ381 -> 999.33174
A382: =REGV!A382 -> 2024.12 | B382: #N/A | C382: #N/A | D382: #N/A | E382: #N/A | F382: #N/A | G382: #N/A | I382: =REGV!H382 -> 44.874639 | K382: 41.192383 | L382: 38.220274 | M382: 0.077762619 | O382: #N/A | P382: #N/A | Q382: #N/A | R382: #N/A | S382: #N/A | T382: #N/A | V382: =REGV!AI382 -> 163.32388 | X382: 144.85767 | Y382: 158.55976 | Z382: -0.086415934 | AB382: #N/A | AC382: #N/A | AD382: #N/A | AE382: #N/A | AF382: #N/A | AG382: #N/A | AI382: =REGV!BJ382 -> 1043.054 | AK382: 942.91183 | AL382: 964.1442 | AM382: -0.022021985
A383: =REGV!A383 -> 2025.01 | B383: #N/A | C383: #N/A | D383: #N/A | E383: #N/A | F383: #N/A | G383: #N/A | I383: =REGV!H383 -> 48.944886 | K383: 37.659702 | L383: 44.111204 | M383: -0.1462554 | O383: #N/A | P383: #N/A | Q383: #N/A | R383: #N/A | S383: #N/A | T383: #N/A | V383: =REGV!AI383 -> 168.30561 | X383: 153.89707 | Y383: 167.11558 | Z383: -0.079098006 | AB383: #N/A | AC383: #N/A | AD383: #N/A | AE383: #N/A | AF383: #N/A | AG383: #N/A | AI383: =REGV!BJ383 -> 1092.0675 | AK383: 1154.7275 | AL383: 1090.7157 | AM383: 0.058687905
A384: =REGV!A384 -> 2025.02 | B384: #N/A | C384: #N/A | D384: #N/A | E384: #N/A | F384: #N/A | G384: #N/A | I384: =REGV!H384 -> 51.74109 | K384: 46.537077 | L384: 46.143595 | M384: 0.0085273244 | O384: #N/A | P384: #N/A | Q384: #N/A | R384: #N/A | S384: #N/A | T384: #N/A | V384: =REGV!AI384 -> 169.20614 | X384: 157.24745 | Y384: 161.1754 | Z384: -0.024370658 | AB384: #N/A | AC384: #N/A | AD384: #N/A | AE384: #N/A | AF384: #N/A | AG384: #N/A | AI384: =REGV!BJ384 -> 1079.8511 | AK384: 1096.0495 | AL384: 1189.9108 | AM384: -0.078880879
A385: =REGV!A385 -> 2025.03 | B385: #N/A | C385: #N/A | D385: #N/A | E385: #N/A | F385: #N/A | G385: #N/A | I385: =REGV!H385 -> 53.230304 | K385: 46.894584 | L385: 50.696444 | M385: -0.074992639 | O385: #N/A | P385: #N/A | Q385: #N/A | R385: #N/A | S385: #N/A | T385: #N/A | V385: =REGV!AI385 -> 166.51978 | X385: 150.20698 | Y385: 155.93487 | Z385: -0.036732592 | AB385: #N/A | AC385: #N/A | AD385: #N/A | AE385: #N/A | AF385: #N/A | AG385: #N/A | AI385: =REGV!BJ385 -> 1084.7978 | AK385: 1233.3122 | AL385: 1030.8108 | AM385: 0.19644868
A386: =REGV!A386 -> 2025.04 | B386: #N/A | C386: #N/A | D386: #N/A | E386: #N/A | F386: #N/A | G386: #N/A | I386: =REGV!H386 -> 55.064455 | K386: 41.125242 | L386: 55.693754 | M386: -0.26158251 | O386: #N/A | P386: #N/A | Q386: #N/A | R386: #N/A | S386: #N/A | T386: #N/A | V386: =REGV!AI386 -> 166.00114 | X386: 129.19023 | Y386: 167.26166 | Z386: =X386/Y386-1 -> -0.22761599 | AB386: #N/A | AC386: #N/A | AD386: #N/A | AE386: #N/A | AF386: #N/A | AG386: #N/A | AI386: =REGV!BJ386 -> 1146.2505 | AK386: 915.72503 | AL386: 1211.0604 | AM386: =AK386/AL386-1 -> -0.2438651
A387: =REGV!A387 -> 2025.05 | B387: #N/A | C387: #N/A | D387: #N/A | E387: #N/A | F387: #N/A | G387: #N/A | I387: =REGV!H387 -> 55.328474 | K387: 56.206288 | L387: 55.975389 | M387: 0.0041250119 | O387: #N/A | P387: #N/A | Q387: #N/A | R387: #N/A | S387: #N/A | T387: #N/A | V387: =REGV!AI387 -> 163.36713 | X387: 159.8216 | Y387: =V387 -> 163.36713 | Z387: =X387/Y387-1 -> -0.021702841 | AB387: #N/A | AC387: #N/A | AD387: #N/A | AE387: #N/A | AF387: #N/A | AG387: #N/A | AI387: =REGV!BJ387 -> 1131.1474 | AK387: 1092.358 | AL387: 1205.612 | AM387: -0.093939006
A388: =REGV!A388 -> 2025.06 | B388: #N/A | C388: #N/A | D388: #N/A | E388: #N/A | F388: #N/A | G388: #N/A | I388: =REGV!H388 -> 53.791557 | K388: 55.024646 | L388: =I388 -> 53.791557 | M388: =K388/L388-1 -> 0.022923472 | O388: #N/A | P388: #N/A | Q388: #N/A | R388: #N/A | S388: #N/A | T388: #N/A | V388: =REGV!AI388 -> 157.81239 | X388: 146.24054 | Y388: 156.23779 | Z388: -0.063987435 | AB388: #N/A | AC388: #N/A | AD388: #N/A | AE388: #N/A | AF388: #N/A | AG388: #N/A | AI388: =REGV!BJ388 -> 1036.7768 | AK388: 1172.9473 | AL388: 1091.7151 | AM388: 0.074407924
A389: =REGV!A389 -> 2025.07 | B389: #N/A | C389: #N/A | D389: #N/A | E389: #N/A | F389: #N/A | G389: #N/A | I389: 52.977458 | K389: 50.648296 | L389: 52.977458 | M389: -0.043965144 | O389: #N/A | P389: #N/A | Q389: #N/A | R389: #N/A | S389: #N/A | T389: #N/A | V389: 151.31698 | X389: 141.2718 | Y389: 151.31698 | Z389: -0.066385017 | AB389: #N/A | AC389: #N/A | AD389: #N/A | AE389: #N/A | AF389: #N/A | AG389: #N/A | AI389: 995.14258 | AK389: 1129.8449 | AL389: 995.14258 | AM389: 0.13535978
A390: =REGV!A390 -> 2025.08 | B390: #N/A | C390: #N/A | D390: #N/A | E390: #N/A | F390: #N/A | G390: #N/A | I390: =REGV!H390 -> 52.289701 | K390: 55.245314 | L390: 53.198342 | M390: 0.038478119 | O390: #N/A | P390: #N/A | Q390: #N/A | R390: #N/A | S390: #N/A | T390: #N/A | V390: =REGV!AI390 -> 151.00985 | X390: 146.91386 | Y390: 149.19057 | Z390: -0.015260391 | AB390: #N/A | AC390: #N/A | AD390: #N/A | AE390: #N/A | AF390: #N/A | AG390: #N/A | AI390: =REGV!BJ390 -> 962.65225 | AK390: 1023.8953 | AL390: 949.92687 | AM390: 0.077867472
A391: =REGV!A391 -> 2025.09 | B391: #N/A | C391: #N/A | D391: #N/A | E391: #N/A | F391: #N/A | G391: #N/A | I391: =REGV!H391 -> 50.839343 | K391: 54.226604 | L391: 52.789592 | M391: 0.027221489 | O391: #N/A | P391: #N/A | Q391: #N/A | R391: #N/A | S391: #N/A | T391: #N/A | V391: =REGV!AI391 -> 151.30205 | X391: 150.84137 | Y391: 147.8007 | Z391: 0.020572756 | AB391: #N/A | AC391: #N/A | AD391: #N/A | AE391: #N/A | AF391: #N/A | AG391: #N/A | AI391: =REGV!BJ391 -> 950.14545 | AK391: 896.38567 | AL391: 966.778 | AM391: -0.072811265
A392: =REGV!A392 -> 2025.1 | B392: #N/A | C392: #N/A | D392: #N/A | E392: #N/A | F392: #N/A | G392: #N/A | I392: =REGV!H392 -> 49.010444 | K392: 52.100855 | L392: 50.66979 | M392: 0.028242961 | O392: #N/A | P392: #N/A | Q392: #N/A | R392: #N/A | S392: #N/A | T392: #N/A | V392: =REGV!AI392 -> 151.53642 | X392: 145.45247 | Y392: 152.01641 | Z392: -0.043179198 | AB392: #N/A | AC392: #N/A | AD392: #N/A | AE392: #N/A | AF392: #N/A | AG392: #N/A | AI392: =REGV!BJ392 -> 937.08317 | AK392: 944.09698 | AL392: 904.44563 | AM392: 0.043840508
A393: =REGV!A393 -> 2025.11 | B393: #N/A | C393: #N/A | D393: #N/A | E393: #N/A | F393: #N/A | G393: #N/A | I393: =REGV!H393 -> 47.211971 | K393: 49.381302 | L393: 47.659636 | M393: 0.036124182 | O393: #N/A | P393: #N/A | Q393: #N/A | R393: #N/A | S393: #N/A | T393: #N/A | V393: =REGV!AI393 -> 149.50321 | X393: 148.23164 | Y393: 149.87579 | Z393: -0.010970096 | AB393: #N/A | AC393: #N/A | AD393: #N/A | AE393: #N/A | AF393: #N/A | AG393: #N/A | AI393: =REGV!BJ393 -> 944.29427 | AK393: 915.36746 | AL393: 939.34827 | AM393: -0.025529199
A394: =REGV!A394 -> 2025.12 | B394: #N/A | C394: #N/A | D394: #N/A | E394: #N/A | F394: #N/A | G394: #N/A | I394: =REGV!H394 -> 46.430839 | K394: 48.391186 | L394: 43.100477 | M394: 0.12275289 | O394: #N/A | P394: #N/A | Q394: #N/A | R394: #N/A | S394: #N/A | T394: #N/A | V394: =REGV!AI394 -> 149.44963 | X394: 149.33192 | Y394: 148.1568 | Z394: 0.0079316233 | AB394: #N/A | AC394: #N/A | AD394: #N/A | AE394: #N/A | AF394: #N/A | AG394: #N/A | AI394: =REGV!BJ394 -> 979.18027 | AK394: 1028.1888 | AL394: 929.17697 | AM394: 0.10655863
A395: =REGV!A395 -> 2026.01 | B395: #N/A | C395: #N/A | D395: #N/A | E395: #N/A | F395: #N/A | G395: #N/A | I395: =REGV!H395 -> 47.418537 | K395: 43.319926 | L395: =I395 -> 47.418537 | M395: =K395/L395-1 -> -0.086434801 | O395: #N/A | P395: #N/A | Q395: #N/A | R395: #N/A | S395: #N/A | T395: #N/A | V395: =REGV!AI395 -> 151.16344 | X395: 146.93294 | Y395: =V395 -> 151.16344 | Z395: =X395/Y395-1 -> -0.027986277 | AB395: #N/A | AC395: #N/A | AD395: #N/A | AE395: #N/A | AF395: #N/A | AG395: #N/A | AI395: =REGV!BJ395 -> 1029.0982 | AK395: 1098.4936 | AL395: =AI395 -> 1029.0982 | AM395: =AK395/AL395-1 -> 0.06743317
A396: =REGV!A396 -> 2026.02 | B396: 41.475929 | C396: 29.080129 | D396: 59.155609 | E396: =IF($B$8="NIV",B396-REGV!$C396,B396/REGV!$C396) -> 49.435654 | F396: =IF($B$8="NIV",C396-REGV!$C396,C396/REGV!$C396) -> 34.660952 | G396: =IF($B$8="NIV",D396-REGV!$C396,D396/REGV!$C396) -> 70.508275 | I396: =REGV!H396 -> #N/A | K396: 49.435654 | L396: =I396 -> #N/A | M396: =K396/L396-1 -> #N/A | O396: 128.33472 | P396: 95.633083 | Q396: 172.21865 | R396: =IF($B$8="NIV",O396-REGV!$AD396,O396/REGV!$AD396) -> 148.83941 | S396: =IF($B$8="NIV",P396-REGV!$AD396,P396/REGV!$AD396) -> 110.91287 | T396: =IF($B$8="NIV",Q396-REGV!$AD396,Q396/REGV!$AD396) -> 199.73491 | V396: =REGV!AI396 -> #N/A | X396: 148.83941 | Y396: =V396 -> #N/A | Z396: =X396/Y396-1 -> #N/A | AB396: 938.30812 | AC396: 638.59871 | AD396: 1378.6782 | AE396: =IF($B$8="NIV",AB396-REGV!$BE396,AB396/REGV!$BE396) -> 1393.3327 | AF396: =IF($B$8="NIV",AC396-REGV!$BE396,AC396/REGV!$BE396) -> 948.28175 | AG396: =IF($B$8="NIV",AD396-REGV!$BE396,AD396/REGV!$BE396) -> 2047.2566 | AI396: =REGV!BJ396 -> #N/A | AK396: 1393.3327 | AL396: =AI396 -> #N/A | AM396: =AK396/AL396-1 -> #N/A
A397: =REGV!A397 -> 2026.03 | B397: 44.78213 | C397: 28.868894 | D397: 69.467128 | E397: =IF($B$8="NIV",B397-REGV!$C397,B397/REGV!$C397) -> 48.281949 | F397: =IF($B$8="NIV",C397-REGV!$C397,C397/REGV!$C397) -> 31.12506 | G397: =IF($B$8="NIV",D397-REGV!$C397,D397/REGV!$C397) -> 74.896132 | I397: =REGV!H397 -> #N/A | L397: =I397 -> #N/A | M397: =K397/L397-1 -> #N/A | O397: 139.39469 | P397: 99.883585 | Q397: 194.53527 | R397: =IF($B$8="NIV",O397-REGV!$AD397,O397/REGV!$AD397) -> 147.61838 | S397: =IF($B$8="NIV",P397-REGV!$AD397,P397/REGV!$AD397) -> 105.77629 | T397: =IF($B$8="NIV",Q397-REGV!$AD397,Q397/REGV!$AD397) -> 206.01201 | V397: =REGV!AI397 -> #N/A | Y397: =V397 -> #N/A | Z397: =X397/Y397-1 -> #N/A | AB397: 880.2005 | AC397: 544.96048 | AD397: 1421.6681 | AE397: =IF($B$8="NIV",AB397-REGV!$BE397,AB397/REGV!$BE397) -> 1144.1001 | AF397: =IF($B$8="NIV",AC397-REGV!$BE397,AC397/REGV!$BE397) -> 708.34925 | AG397: =IF($B$8="NIV",AD397-REGV!$BE397,AD397/REGV!$BE397) -> 1847.9092 | AI397: =REGV!BJ397 -> #N/A | AL397: =AI397 -> #N/A | AM397: =AK397/AL397-1 -> #N/A
A398: =REGV!A398 -> 2026.04 | B398: 42.038346 | C398: 26.293822 | D398: 67.210561 | E398: =IF($B$8="NIV",B398-REGV!$C398,B398/REGV!$C398) -> 40.641245 | F398: =IF($B$8="NIV",C398-REGV!$C398,C398/REGV!$C398) -> 25.419974 | G398: =IF($B$8="NIV",D398-REGV!$C398,D398/REGV!$C398) -> 64.976889 | I398: =REGV!H398 -> #N/A | L398: =I398 -> #N/A | M398: =K398/L398-1 -> #N/A | O398: 114.66855 | P398: 81.368246 | Q398: 161.59714 | R398: =IF($B$8="NIV",O398-REGV!$AD398,O398/REGV!$AD398) -> 129.30003 | S398: =IF($B$8="NIV",P398-REGV!$AD398,P398/REGV!$AD398) -> 91.750675 | T398: =IF($B$8="NIV",Q398-REGV!$AD398,Q398/REGV!$AD398) -> 182.21662 | V398: =REGV!AI398 -> #N/A | Y398: =V398 -> #N/A | Z398: =X398/Y398-1 -> #N/A | AB398: 1073.9362 | AC398: 635.54602 | AD398: 1814.7213 | AE398: =IF($B$8="NIV",AB398-REGV!$BE398,AB398/REGV!$BE398) -> 992.91813 | AF398: =IF($B$8="NIV",AC398-REGV!$BE398,AC398/REGV!$BE398) -> 587.60026 | AG398: =IF($B$8="NIV",AD398-REGV!$BE398,AD398/REGV!$BE398) -> 1677.8182 | AI398: =REGV!BJ398 -> #N/A | AL398: =AI398 -> #N/A | AM398: =AK398/AL398-1 -> #N/A
A399: =REGV!A399 -> 2026.05 | B399: 44.147888 | C399: 26.838739 | D399: 72.620253 | E399: =IF($B$8="NIV",B399-REGV!$C399,B399/REGV!$C399) -> 45.019933 | F399: =IF($B$8="NIV",C399-REGV!$C399,C399/REGV!$C399) -> 27.36888 | G399: =IF($B$8="NIV",D399-REGV!$C399,D399/REGV!$C399) -> 74.054708 | I399: =REGV!H399 -> #N/A | L399: =I399 -> #N/A | M399: =K399/L399-1 -> #N/A | O399: 132.54689 | P399: 93.973242 | Q399: 186.95404 | R399: =IF($B$8="NIV",O399-REGV!$AD399,O399/REGV!$AD399) -> 141.61599 | S399: =IF($B$8="NIV",P399-REGV!$AD399,P399/REGV!$AD399) -> 100.40306 | T399: =IF($B$8="NIV",Q399-REGV!$AD399,Q399/REGV!$AD399) -> 199.74578 | V399: =REGV!AI399 -> #N/A | Y399: =V399 -> #N/A | Z399: =X399/Y399-1 -> #N/A | AB399: 1026.8743 | AC399: 593.35529 | AD399: 1777.1322 | AE399: =IF($B$8="NIV",AB399-REGV!$BE399,AB399/REGV!$BE399) -> 915.20994 | AF399: =IF($B$8="NIV",AC399-REGV!$BE399,AC399/REGV!$BE399) -> 528.83267 | AG399: =IF($B$8="NIV",AD399-REGV!$BE399,AD399/REGV!$BE399) -> 1583.8833 | AI399: =REGV!BJ399 -> #N/A | AL399: =AI399 -> #N/A | AM399: =AK399/AL399-1 -> #N/A
